ï»¿id,clee,nom_estab,nombre_act,per_ocu,nom_vial,cod_postal,entidad,municipio,localidad
7287200,04002621112000053000000000U3,ADMINISTRACION DE LA BENEFICIENCIA PUBLICA DEL ESTADO DE CAMPECHE,Consultorios de medicina general del sector público,11 a 30 personas,10,24010.0,CAMPECHE,Campeche,San Francisco de Campeche
8233688,04002621115000051000000000U0,ADMINISTRACION DEL CENTRO CLINICO UNIMEDIC,Clínicas de consultorios médicos del sector privado,0 a 5 personas,PUEBLA,24050.0,CAMPECHE,Campeche,San Francisco de Campeche
7321133,04002621113002241000000000U0,ANGIOCLINIC FERNADO OROZCO HOBAK,Consultorios de medicina especializada del sector privado,0 a 5 personas,LICENCIADO LUIS DONALDO COLOSIO MURRIETA,24090.0,CAMPECHE,Campeche,San Francisco de Campeche
8427908,04002621113002581000000000U9,ANGIONCLINIC CRISTINA RAMIREZ TORRES,Consultorios de medicina especializada del sector privado,0 a 5 personas,LICENCIADO LUIS DONALDO COLOSIO MURRIETA,24090.0,CAMPECHE,Campeche,San Francisco de Campeche
221033,04003622112000113011000000U2,BIENESTAR SOCIAL DEL HONORABLE AYUNTAMIENTO DE CARMEN,Consultorios de medicina general del sector público,6 a 10 personas,JOSE NARVAEZ,24155.0,CAMPECHE,Carmen,Ciudad del Carmen
210413,04002621113002101000000000U6,CANNA,Consultorios de medicina especializada del sector privado,0 a 5 personas,LAZARO CARDENAS,24069.0,CAMPECHE,Campeche,San Francisco de Campeche
190315,04003621114000013000000000U1,CAPASITS VIH,Consultorios de medicina general del sector público,11 a 30 personas,NINGUNO,24180.0,CAMPECHE,Carmen,Ciudad del Carmen
190217,04003621113000041000000000U4,CARDIOLOGÃA DE LA TORRE MÃDICA,Consultorios de medicina especializada del sector privado,0 a 5 personas,JUAREZ,24160.0,CAMPECHE,Carmen,Ciudad del Carmen
219650,04003621113000601000000000U5,CARDIOLOGO INTERNISTA,Consultorios de medicina especializada del sector privado,0 a 5 personas,58,24110.0,CAMPECHE,Carmen,Ciudad del Carmen
7217175,04002621115000021000000000U3,CARDIOLOGO INTERVENTISTA,Clínicas de consultorios médicos del sector privado,0 a 5 personas,LAZARO CARDENAS,24060.0,CAMPECHE,Campeche,San Francisco de Campeche
197864,04004621399000022001000000U7,CASA DE SALUD,Consultorios de medicina general del sector público,0 a 5 personas,NINGUNO,24451.0,CAMPECHE,ChampotÃ³n,La Joya
189160,04003622112000011011000000U8,CASA DE SALUD COL ABELARDO CARRILLO ZAVALA,Consultorios de medicina general del sector público,0 a 5 personas,CARRETERA DEL GOLFO,24325.0,CAMPECHE,Carmen,Nuevo Progreso
207046,04005622112000031010000000U1,CASA DE SALUD VILLA LUCRECIA,Consultorios de medicina general del sector público,0 a 5 personas,12,24810.0,CAMPECHE,HecelchakÃ¡n,Pomuch
9035327,04003621111000681000000000U1,CEDIMET SALUD OCUPACIONAL,Consultorios de medicina general del sector privado,0 a 5 personas,57,24115.0,CAMPECHE,Carmen,Ciudad del Carmen
190446,04003621113000331000000000U9,CENTRO DE DERMATOLOGÃA INTEGRAL,Consultorios de medicina especializada del sector privado,0 a 5 personas,22,24100.0,CAMPECHE,Carmen,Ciudad del Carmen
199351,04003931610000122011000000U2,CENTRO DE DESARROLLO COMUNITARIO SAN NICOLAS,Consultorios de medicina general del sector público,0 a 5 personas,LIRIOS,24118.0,CAMPECHE,Carmen,Ciudad del Carmen
210662,04002621113001551000054245M3,CENTRO DE ENDOSCOPIA,Consultorios de medicina especializada del sector privado,0 a 5 personas,LLOVIZNA,24090.0,CAMPECHE,Campeche,San Francisco de Campeche
188976,04002621113001201000000000U5,CENTRO DE MEDICINA FISICA INTEGRAL,Consultorios de medicina especializada del sector privado,0 a 5 personas,REPUBLICA,24050.0,CAMPECHE,Campeche,San Francisco de Campeche
8161054,04003621111000841000000000U1,CENTRO DE MEDICOS ESTETICOS QUIOS,Consultorios de medicina general del sector privado,0 a 5 personas,CONCORDIA,24199.0,CAMPECHE,Carmen,Ciudad del Carmen
196508,04002622112000031010000000U8,CENTRO DE SALUD,Clínicas de consultorios médicos del sector público,11 a 30 personas,NUEVA,24095.0,CAMPECHE,Campeche,San Francisco de Campeche
191496,04001621116000013000000000U0,CENTRO DE SALUD,Clínicas de consultorios médicos del sector público,11 a 30 personas,30,24930.0,CAMPECHE,CalkinÃ­,BÃ©cal
200432,04009621112000023001000000U1,CENTRO DE SALUD,Consultorios de medicina general del sector público,51 a 100 personas,HECTOR PEREZ MARTINEZ,24350.0,CAMPECHE,EscÃ¡rcega,EscÃ¡rcega
201779,04004622112000011000000000U6,CENTRO DE SALUD,Consultorios de medicina general del sector público,0 a 5 personas,ALFREDO V. BONFIL,24410.0,CAMPECHE,ChampotÃ³n,Ley Federal de Reforma Agraria
199204,04003622112000103010000000U3,CENTRO DE SALUD,Clínicas de consultorios médicos del sector público,11 a 30 personas,FRANCISCO I. MADERO,24375.0,CAMPECHE,Carmen,Isla Aguada
206561,04001622112000042010000000U7,CENTRO DE SALUD,Clínicas de consultorios médicos del sector público,6 a 10 personas,14,24920.0,CAMPECHE,CalkinÃ­,BacabchÃ©n
9169249,04003621112000093000000000U7,CENTRO DE SALUD ATASTA,Consultorios de medicina general del sector público,11 a 30 personas,CARRETERA DEL GOLFO,24326.0,CAMPECHE,Carmen,Atasta
212750,04006622112000073010000000U1,CENTRO DE SALUD BOLONCHÃN DE REJÃN,Clínicas de consultorios médicos del sector público,11 a 30 personas,NINGUNO,24026.0,CAMPECHE,HopelchÃ©n,BolonchÃ©n de RejÃ³n
7440341,04003621116000045000000000U8,CENTRO DE SALUD CARMEN,Clínicas de consultorios médicos del sector público,51 a 100 personas,CIRICOTE,24154.0,CAMPECHE,Carmen,Ciudad del Carmen
7430129,04004621112000063000000000U8,CENTRO DE SALUD CON SERVICIOS AMPLIADOS DDE SEYBAPLAYA,Consultorios de medicina general del sector público,11 a 30 personas,18,24460.0,CAMPECHE,Seybaplaya,Seybaplaya                                                                                                    
198160,04004621112000043001000000U0,CENTRO DE SALUD DE CHAMPOTON PUBLICA,Clínicas de consultorios médicos del sector público,11 a 30 personas,19,24400.0,CAMPECHE,ChampotÃ³n,ChampotÃ³n
7286412,04005621116000013000000000U1,CENTRO DE SALUD DE HECELCHAKAN,Clínicas de consultorios médicos del sector público,11 a 30 personas,NINGUNO,24800.0,CAMPECHE,HecelchakÃ¡n,HecelchakÃ¡n
8234131,04002621112000063000000000U2,CENTRO DE SALUD DE LERMA,Consultorios de medicina general del sector público,11 a 30 personas,MANGAL,24500.0,CAMPECHE,Campeche,Lerma
189146,04003622112000143011000000U9,CENTRO DE SALUD DE NUEVO PROGRESO,Clínicas de consultorios médicos del sector público,6 a 10 personas,CARRETERA DEL GOLFO,24325.0,CAMPECHE,Carmen,Nuevo Progreso
193713,04008621112000014001000000U2,CENTRO DE SALUD DE TENABO,Clínicas de consultorios médicos del sector público,31 a 50 personas,10,24700.0,CAMPECHE,Tenabo,Tenabo
201850,04009621112000011001000000U6,CENTRO DE SALUD DIVISION DEL NORTE,Consultorios de medicina general del sector público,6 a 10 personas,13,24350.0,CAMPECHE,EscÃ¡rcega,DivisiÃ³n del Norte
188475,04002621112000035001000000U0,CENTRO DE SALUD DOCTOR WILBERT ESCALANTE ESCALANTE,Clínicas de consultorios médicos del sector público,101 a 250 personas,10,24040.0,CAMPECHE,Campeche,San Francisco de Campeche
8232559,04001621116000023000000000U9,CENTRO DE SALUD DZITBALCHE,Clínicas de consultorios médicos del sector público,11 a 30 personas,25,24920.0,CAMPECHE,CalkinÃ­,DzitbalchÃ©
194267,04002621112000024011000000U4,CENTRO DE SALUD MORELOS,Clínicas de consultorios médicos del sector público,11 a 30 personas,JOSEFA ORTIZ DE DOMINGUEZ,24026.0,CAMPECHE,Campeche,San Francisco de Campeche
197277,04002621399000013000000000U0,CENTRO DE SALUD POLVORIN,Consultorios de medicina general del sector público,11 a 30 personas,SASCABERA,24060.0,CAMPECHE,Campeche,San Francisco de Campeche
193527,04005621113000013001000000U8,CENTRO DE SALUD POMUCH,Consultorios de medicina especializada del sector público,11 a 30 personas,13,24810.0,CAMPECHE,HecelchakÃ¡n,Pomuch
192073,04001622112000032010000000U8,CENTRO DE SALUD RURAL NUNKINI,Clínicas de consultorios médicos del sector público,11 a 30 personas,MEXICO,24910.0,CAMPECHE,CalkinÃ­,NunkinÃ­
196734,04002621112000043000000000U4,CENTRO DE SALUD SAMULA,Consultorios de medicina general del sector público,11 a 30 personas,NINGUNO,24090.0,CAMPECHE,Campeche,San Francisco de Campeche
197931,04004621112000052001000000U1,CENTRO DE SALUD SIHOCHAC,Consultorios de medicina general del sector público,11 a 30 personas,ROCHA,24450.0,CAMPECHE,ChampotÃ³n,Sihochac
195362,04006622112000042011000000U6,CENTRO DE SALUD VICENTE GUERRERO,Clínicas de consultorios médicos del sector público,6 a 10 personas,9,24660.0,CAMPECHE,HopelchÃ©n,Vicente Guerrero
195749,04002621992000012010000000U4,CENTRO ESTATAL DE VACUNOLOGIA,Clínicas de consultorios médicos del sector público,11 a 30 personas,NINGUNO,24030.0,CAMPECHE,Campeche,San Francisco de Campeche
7429994,04003621115000051000000000S8,CENTRO INTEGRAL DE DIAGNOSTICO MEDICO,Clínicas de consultorios médicos del sector privado,0 a 5 personas,JABIN,24150.0,CAMPECHE,Carmen,Ciudad del Carmen
7091076,04001621113000091000000000U3,CENTRO MEDICO CAMINO REAL,Consultorios de medicina especializada del sector privado,0 a 5 personas,20,24904.0,CAMPECHE,CalkinÃ­,CalkinÃ­
196406,04002621111000361000000000U2,CENTRO MEDICO CAMPECHE,Consultorios de medicina especializada del sector privado,0 a 5 personas,LICENCIADO LUIS DONALDO COLOSIO MURRIETA,24040.0,CAMPECHE,Campeche,San Francisco de Campeche
6424775,04002621113000261000000000U0,CENTRO MEDICO CAMPECHE CONSULTORIO DE COLOPROCTOLOGIA,Consultorios de medicina especializada del sector privado,0 a 5 personas,LICENCIADO LUIS DONALDO COLOSIO MURRIETA,24040.0,CAMPECHE,Campeche,San Francisco de Campeche
8234154,04003621111000661000000000U3,CENTRO MEDICO CEDIMET,Consultorios de medicina general del sector privado,0 a 5 personas,55,24115.0,CAMPECHE,Carmen,Ciudad del Carmen
209921,04002621111000891000000000U8,CENTRO MÃDICO DEL TRANSPORTE,Consultorios de medicina general del sector privado,0 a 5 personas,LICENCIADO LUIS DONALDO COLOSIO MURRIETA,24040.0,CAMPECHE,Campeche,San Francisco de Campeche
209557,04002621116000013000000000U8,CENTRO MÃDICO ESTATAL DE OFTALMOLOGÃA DE CAMPECHE,Clínicas de consultorios médicos del sector público,11 a 30 personas,BOULEVARD,24010.0,CAMPECHE,Campeche,San Francisco de Campeche
8491733,04003621391000151000000000U3,CENTRO MEDICO ESTETICO,Consultorios de medicina especializada del sector privado,0 a 5 personas,NINGUNO,24157.0,CAMPECHE,Carmen,Ciudad del Carmen
8160640,04001621111000251000000000U7,CENTRO MEDICO INTEGRAL CAL-KIN,Consultorios de medicina general del sector privado,0 a 5 personas,15,24902.0,CAMPECHE,CalkinÃ­,CalkinÃ­
215526,04009621112000032000000000U2,CENTRO NUEVA VIDA,Consultorios de medicina general del sector público,6 a 10 personas,NINGUNO,24350.0,CAMPECHE,EscÃ¡rcega,EscÃ¡rcega
218938,04003621113000401000000000U0,CESAT ORTOPEDIA Y TRAUMATOLOGIA,Consultorios de medicina especializada del sector privado,0 a 5 personas,55,24115.0,CAMPECHE,Carmen,Ciudad del Carmen
202738,04003621113000352000000000U5,CIRUGIA GENERAL MEDICINA,Consultorios de medicina especializada del sector privado,0 a 5 personas,26-A,24100.0,CAMPECHE,Carmen,Ciudad del Carmen
8161101,04002621113002721000000000U1,CIRUGIA PLASTICA,Consultorios de medicina especializada del sector privado,0 a 5 personas,LICENCIADO LUIS DONALDO COLOSIO MURRIETA,24040.0,CAMPECHE,Campeche,San Francisco de Campeche
8174773,04002621113002731000000000U0,CIRUJANO GENERAL Y COLONORECTAL,Consultorios de medicina especializada del sector privado,0 a 5 personas,JUAREZ,24010.0,CAMPECHE,Campeche,San Francisco de Campeche
186531,04002621113002131000000000U3,CLINICA DE ORTOPEDIA Y TRAUMATOLOGÃA,Consultorios de medicina especializada del sector privado,0 a 5 personas,12,24000.0,CAMPECHE,Campeche,San Francisco de Campeche
201024,04009622112000024010000000U8,CLINICA DEL ISSTE UMF CM2,Clínicas de consultorios médicos del sector público,31 a 50 personas,28,24350.0,CAMPECHE,EscÃ¡rcega,EscÃ¡rcega
210603,04002621113001641000000000U2,CLINICA DERMATOLOGICA NOVA PEEL,Consultorios de medicina especializada del sector privado,0 a 5 personas,NEVADA,24050.0,CAMPECHE,Campeche,San Francisco de Campeche
8160991,04002621113002671000000000S8,CLINICA DERMOCENTER,Consultorios de medicina especializada del sector privado,0 a 5 personas,14,24000.0,CAMPECHE,Campeche,San Francisco de Campeche
7289983,04009621115000013000000000U5,CLINICA ESCARCEGA,Clínicas de consultorios médicos del sector privado,11 a 30 personas,HECTOR PEREZ MARTINEZ,24350.0,CAMPECHE,EscÃ¡rcega,EscÃ¡rcega
9087711,04011621112000061000000000U7,CLINICA IMSS,Consultorios de medicina general del sector público,0 a 5 personas,18-A,24330.0,CAMPECHE,Candelaria,Candelaria
8160589,04001621111000241000000000U8,CLINICA MEDICA-CA,Consultorios de medicina general del sector privado,0 a 5 personas,38,24930.0,CAMPECHE,CalkinÃ­,BÃ©cal
8233933,04003621111000641000000000U5,CLINICA MORELOS,Consultorios de medicina general del sector privado,0 a 5 personas,57,24115.0,CAMPECHE,Carmen,Ciudad del Carmen
8491194,04003621111000761000000000U1,CLINICA MORELOS,Consultorios de medicina general del sector privado,0 a 5 personas,57,24115.0,CAMPECHE,Carmen,Ciudad del Carmen
8491193,04003621113000701000000000U3,CLINICA MORELOS,Consultorios de medicina general del sector privado,0 a 5 personas,57,24115.0,CAMPECHE,Carmen,Ciudad del Carmen
8233931,04003621113000681000000000U7,CLINICA MORELOS CONSULTORIO DE GEDIATRIA Y MEDICINA INTERNA,Consultorios de medicina especializada del sector privado,0 a 5 personas,57,24115.0,CAMPECHE,Carmen,Ciudad del Carmen
8233932,04003621115000011000000000U2,CLINICA MORELOS PEDIATRIA,Clínicas de consultorios médicos del sector privado,0 a 5 personas,57,24115.0,CAMPECHE,Carmen,Ciudad del Carmen
8428489,04002621111001331000000000U4,CLINICA SAN JOSE,Consultorios de medicina general del sector privado,0 a 5 personas,ADOLFO LOPEZ MATEOS,24040.0,CAMPECHE,Campeche,San Francisco de Campeche
7321002,04002621115000031000000000U2,CLINICA SAN JOSE,Clínicas de consultorios médicos del sector privado,0 a 5 personas,ADOLFO LOPEZ MATEOS,24040.0,CAMPECHE,Campeche,San Francisco de Campeche
7321004,04002621391000101000000000U0,CLINICA SAN JOSE,Clínicas de consultorios médicos del sector privado,0 a 5 personas,ADOLFO LOPEZ MATEOS,24040.0,CAMPECHE,Campeche,San Francisco de Campeche
8233929,04003621111000631000000000U6,CLINICA SANTO DOMINGO,Consultorios de medicina general del sector privado,0 a 5 personas,53,24110.0,CAMPECHE,Carmen,Ciudad del Carmen
8491185,04003621115000031000000000U0,CLINICA SANTO DOMINGO,Clínicas de consultorios médicos del sector privado,0 a 5 personas,53,24110.0,CAMPECHE,Carmen,Ciudad del Carmen
200176,04009622111000012011000000U5,CLINICA Y MATERNIDAD MARIA JESUS,Consultorios de medicina general del sector privado,0 a 5 personas,HECTOR PEREZ MARTINEZ,24350.0,CAMPECHE,EscÃ¡rcega,EscÃ¡rcega
189623,04003621111000231000000000U5,COMSULTORIO MEDICO MDICINA GENERAL,Consultorios de medicina general del sector privado,0 a 5 personas,GUADALUPE VICTORIA,24197.0,CAMPECHE,Carmen,Ciudad del Carmen
7439627,04003621111000721000000000U5,CONSU.LTORIO MEDICO DR. LUIS ALBERTO ALCIVAS ROBLES,Consultorios de medicina general del sector privado,0 a 5 personas,PERIFERICA NORTE,24115.0,CAMPECHE,Carmen,Ciudad del Carmen
8233641,04003621113000661000000000U9,CONSULTIORIO MEDICO PEDIATRICO,Consultorios de medicina especializada del sector privado,0 a 5 personas,35,24100.0,CAMPECHE,Carmen,Ciudad del Carmen
8232727,04001621111000211000000000U1,CONSULTORIA DE MEDICINA DZITBALCHE,Consultorios de medicina general del sector privado,0 a 5 personas,20-A,24920.0,CAMPECHE,CalkinÃ­,DzitbalchÃ©
7091626,04001621113000101000000000U0,CONSULTORIO,Consultorios de medicina especializada del sector privado,0 a 5 personas,15,24902.0,CAMPECHE,CalkinÃ­,CalkinÃ­
204762,04002621111000301000000000U8,CONSULTORIO,Consultorios de medicina general del sector privado,0 a 5 personas,COAHUILA,24050.0,CAMPECHE,Campeche,San Francisco de Campeche
8160653,04002621113002651000000000U0,CONSULTORIO 2,Consultorios de medicina general del sector privado,0 a 5 personas,FRANCISCO I. MADERO,24050.0,CAMPECHE,Campeche,San Francisco de Campeche
7287378,04002621411000011000000000U7,CONSULTORIO 4,Centros de planificación familiar del sector privado,0 a 5 personas,FRANCISCO I. MADERO,24050.0,CAMPECHE,Campeche,San Francisco de Campeche
210950,04002621391000031010000000U9,CONSULTORIO 5,Consultorios de medicina general del sector privado,0 a 5 personas,RIO SAN PEDRO,24020.0,CAMPECHE,Campeche,San Francisco de Campeche
8160656,04002621113002661000000000U9,CONSULTORIO 6,Consultorios de medicina general del sector privado,0 a 5 personas,RIO SAN PEDRO,24020.0,CAMPECHE,Campeche,San Francisco de Campeche
8427776,04002621111001271000000000U2,CONSULTORIO 7,Consultorios de medicina general del sector privado,0 a 5 personas,RIO SAN PEDRO,24020.0,CAMPECHE,Campeche,San Francisco de Campeche
190233,04003621113000121000000000U4,CONSULTORIO ALERGOLOGIA INTERNISTA,Consultorios de medicina especializada del sector privado,0 a 5 personas,JUAREZ,24160.0,CAMPECHE,Carmen,Ciudad del Carmen
200427,04009621111000101000000000S7,CONSULTORIO AUXILIAR,Consultorios de medicina general del sector privado,0 a 5 personas,HECTOR PEREZ MARTINEZ,24350.0,CAMPECHE,EscÃ¡rcega,EscÃ¡rcega
8233871,04003621111000621000000000U7,CONSULTORIO BEST 3 FIN DE SEMANA,Consultorios de medicina general del sector privado,0 a 5 personas,35,24178.0,CAMPECHE,Carmen,Ciudad del Carmen
7438944,04003621111000691000000000U0,CONSULTORIO BEST TURNO DE LA MAÃANA,Consultorios de medicina general del sector privado,0 a 5 personas,35,24178.0,CAMPECHE,Carmen,Ciudad del Carmen
210526,04002621113001841000000000U8,CONSULTORIO CARDIOLOGIA INTERNA,Consultorios de medicina especializada del sector privado,0 a 5 personas,LICENCIADO LUIS DONALDO COLOSIO MURRIETA,24040.0,CAMPECHE,Campeche,San Francisco de Campeche
188817,04002621113000671000000000U0,CONSULTORIO CARLOS EMILIO JUAREZ LOPEZ,Consultorios de medicina especializada del sector privado,0 a 5 personas,CENTRAL,24050.0,CAMPECHE,Campeche,San Francisco de Campeche
8160392,04002621113002631000000000U2,CONSULTORIO CORAMINA CIRUGIA ONCOLOGICA,Consultorios de medicina especializada del sector privado,0 a 5 personas,JOSE LOPEZ PORTILLO,24097.0,CAMPECHE,Campeche,San Francisco de Campeche
8160391,04002621113002621000000000U3,CONSULTORIO CORAMINA NEFROLOGIA Y DIALISIS,Consultorios de medicina especializada del sector privado,0 a 5 personas,JOSE LOPEZ PORTILLO,24097.0,CAMPECHE,Campeche,San Francisco de Campeche
8160390,04002621113002611000000000U4,CONSULTORIO CORAMINACIRUGIA GENERAL LAPAROSCOPIA,Consultorios de medicina especializada del sector privado,0 a 5 personas,JOSE LOPEZ PORTILLO,24097.0,CAMPECHE,Campeche,San Francisco de Campeche
186384,04002621113000841000000000U9,CONSULTORIO DE CARDIOLOGÃA,Consultorios de medicina especializada del sector privado,0 a 5 personas,JUAREZ,24010.0,CAMPECHE,Campeche,San Francisco de Campeche
219625,04003621111000481000000000U6,CONSULTORIO DE CIRUGIA Y GASTROENTEROLOGIA,Consultorios de medicina general del sector privado,0 a 5 personas,58,24110.0,CAMPECHE,Carmen,Ciudad del Carmen
7430894,04011621111000111000000000U2,CONSULTORIO DE CONSULTA GENERAL SOLO POR AYUDAR,Consultorios de medicina general del sector privado,0 a 5 personas,15,24330.0,CAMPECHE,Candelaria,Candelaria
8491187,04003621111000751000000000U2,CONSULTORIO DE ENDOCRINOLIGIA,Consultorios de medicina general del sector privado,0 a 5 personas,53,24110.0,CAMPECHE,Carmen,Ciudad del Carmen
188882,04002621113001181000000000U9,CONSULTORIO DE ENDOSCOPIA LEOPOLDO ARANA LARA,Consultorios de medicina especializada del sector privado,0 a 5 personas,NINGUNO,24050.0,CAMPECHE,Campeche,San Francisco de Campeche
210525,04002621111000811010000000U6,CONSULTORIO DE ENDOSCOPIA Y CIRUGIA GASTROINTESTINAL,Consultorios de medicina especializada del sector privado,0 a 5 personas,LICENCIADO LUIS DONALDO COLOSIO MURRIETA,24040.0,CAMPECHE,Campeche,San Francisco de Campeche
8491666,04003621111000781000000000U9,CONSULTORIO DE EXAMENES MEDICOS,Consultorios de medicina general del sector privado,0 a 5 personas,33-A,24116.0,CAMPECHE,Carmen,Ciudad del Carmen
8798074,04009621111000171000000000U0,CONSULTORIO DE FARMACIA DEL AHORRO,Consultorios de medicina general del sector privado,0 a 5 personas,27,24350.0,CAMPECHE,EscÃ¡rcega,EscÃ¡rcega
8241811,04003621111000671000000000U2,CONSULTORIO DE FARMACIA SIMILARES,Consultorios de medicina general del sector privado,0 a 5 personas,10 DE JULIO,24180.0,CAMPECHE,Carmen,Ciudad del Carmen
7321057,04002621111001031000000000U0,CONSULTORIO DE FARMACIA SIMILARES,Consultorios de medicina general del sector privado,0 a 5 personas,LICENCIADO LUIS DONALDO COLOSIO MURRIETA,24050.0,CAMPECHE,Campeche,San Francisco de Campeche
7217128,04002621113002221000000000U2,CONSULTORIO DE GINECOLOGIA,Consultorios de medicina especializada del sector privado,0 a 5 personas,GOBERNADORES,24050.0,CAMPECHE,Campeche,San Francisco de Campeche
203208,04003621113000061000000000U2,CONSULTORIO DE GINECOLOGIA,Consultorios de medicina especializada del sector privado,0 a 5 personas,36,24178.0,CAMPECHE,Carmen,Ciudad del Carmen
217125,04003621113000501000000000U7,CONSULTORIO DE GINECOLOGIA,Consultorios de medicina especializada del sector privado,0 a 5 personas,19,24180.0,CAMPECHE,Carmen,Ciudad del Carmen
8233805,04002621113002471000000000U3,CONSULTORIO DE GINECOLOGIA,Consultorios de medicina especializada del sector privado,0 a 5 personas,LICENCIADO LUIS DONALDO COLOSIO MURRIETA,24040.0,CAMPECHE,Campeche,San Francisco de Campeche
8233758,04002621113002451000000000U5,CONSULTORIO DE GINECOLOGIA,Consultorios de medicina especializada del sector privado,0 a 5 personas,LICENCIADO LUIS DONALDO COLOSIO MURRIETA,24040.0,CAMPECHE,Campeche,San Francisco de Campeche
8491186,04003621113000691000000000U6,CONSULTORIO DE GINECOLOGIA,Consultorios de medicina especializada del sector privado,0 a 5 personas,53,24110.0,CAMPECHE,Carmen,Ciudad del Carmen
186588,04002622111000023010000000U7,CONSULTORIO DE GINECOLOGIA,Consultorios de medicina especializada del sector privado,0 a 5 personas,51,24000.0,CAMPECHE,Campeche,San Francisco de Campeche
214410,04011621113000041000000000U7,CONSULTORIO DE GINECOLOGIA Y OBSTETRICIA,Consultorios de medicina especializada del sector privado,0 a 5 personas,16,24330.0,CAMPECHE,Candelaria,Candelaria
214817,04011621113000031000000000U8,CONSULTORIO DE GINECOLOGIA Y OBSTETRICIA,Consultorios de medicina especializada del sector privado,0 a 5 personas,21,24330.0,CAMPECHE,Candelaria,Candelaria
210524,04002621331000071000000000U1,CONSULTORIO DE GINECOLOGIA Y OBSTETRICIA,Consultorios de medicina especializada del sector privado,0 a 5 personas,LICENCIADO LUIS DONALDO COLOSIO MURRIETA,24040.0,CAMPECHE,Campeche,San Francisco de Campeche
8233807,04002621113002481000000000U2,CONSULTORIO DE GINECOLOGIA Y OBSTETRICIA,Consultorios de medicina especializada del sector privado,0 a 5 personas,LICENCIADO LUIS DONALDO COLOSIO MURRIETA,24040.0,CAMPECHE,Campeche,San Francisco de Campeche
210610,04002621113001881000000000U4,CONSULTORIO DE GINECOLOGIA Y OBSTRETICIA,Consultorios de medicina especializada del sector privado,0 a 5 personas,2000,24050.0,CAMPECHE,Campeche,San Francisco de Campeche
196865,04002621113000041000000000U6,CONSULTORIO DE GINECOLOGO,Consultorios de medicina especializada del sector privado,0 a 5 personas,LAZARO CARDENAS,24090.0,CAMPECHE,Campeche,San Francisco de Campeche
8917528,04002621111001241000000000U5,CONSULTORIO DE HERIDAS,Consultorios de medicina general del sector privado,0 a 5 personas,TORMENTA,24097.0,CAMPECHE,Campeche,San Francisco de Campeche
209008,04002621111000821000000000U5,CONSULTORIO DE LA FUNDACION BEST,Consultorios de medicina general del sector privado,0 a 5 personas,16,24020.0,CAMPECHE,Campeche,San Francisco de Campeche
8491857,04003621111000791000000000S8,CONSULTORIO DE LA SIMILAR CHECHEN GLORIETA,Consultorios de medicina general del sector privado,0 a 5 personas,MELCHOR OCAMPO,24155.0,CAMPECHE,Carmen,Ciudad del Carmen
213339,04004621111000221000000000U4,CONSULTORIO DE MEDICINA EXTERNA ANA MARIA HERNANDEZ TORRES,Consultorios de medicina general del sector privado,0 a 5 personas,13,24461.0,CAMPECHE,Seybaplaya,Villa Madero                                                                                                  
190717,04003621111000111000000000U9,CONSULTORIO DE MEDICINA FAMILIAR,Consultorios de medicina general del sector privado,0 a 5 personas,19,24130.0,CAMPECHE,Carmen,Ciudad del Carmen
211323,04002621111000871000000000U0,CONSULTORIO DE MEDICINA GENERAL,Consultorios de medicina general del sector privado,0 a 5 personas,HIDALGO,24070.0,CAMPECHE,Campeche,San Francisco de Campeche
210639,04002621111000881000000000U9,CONSULTORIO DE MEDICINA GENERAL,Consultorios de medicina general del sector privado,0 a 5 personas,PATRICIO TRUEBA DE REGIL,24090.0,CAMPECHE,Campeche,San Francisco de Campeche
7430868,04010621111000041000000000U3,CONSULTORIO DE MEDICINA GENERAL,Consultorios de medicina general del sector privado,0 a 5 personas,EL PALMAR,24640.0,CAMPECHE,Calakmul,Xpujil
7286127,04001621111000171000000000U7,CONSULTORIO DE MEDICINA GENERAL,Consultorios de medicina general del sector privado,0 a 5 personas,12,24925.0,CAMPECHE,CalkinÃ­,BacabchÃ©n
186479,04002621111000851000000000U2,CONSULTORIO DE MEDICINA GENERAL,Consultorios de medicina general del sector privado,0 a 5 personas,12,24010.0,CAMPECHE,Campeche,San Francisco de Campeche
8233808,04002621113002491000000000U1,CONSULTORIO DE MEDICINA INTERNA,Consultorios de medicina especializada del sector privado,0 a 5 personas,LICENCIADO LUIS DONALDO COLOSIO MURRIETA,24040.0,CAMPECHE,Campeche,San Francisco de Campeche
186091,04002621113000801000000000U3,CONSULTORIO DE OBSTALMOLOGIA,Consultorios de medicina especializada del sector privado,0 a 5 personas,FRANCISCO I. MADERO,24050.0,CAMPECHE,Campeche,San Francisco de Campeche
8428018,04002621111001291000000000U0,CONSULTORIO DE OIDOS NARIZ Y GARGANTA,Consultorios de medicina general del sector privado,0 a 5 personas,TORMENTA,24097.0,CAMPECHE,Campeche,San Francisco de Campeche
205205,04002621113001621000000000U4,CONSULTORIO DE ONCOLOGÃA ALBERTO MANUEL CU CAÃETAS,Consultorios de medicina especializada del sector privado,0 a 5 personas,NINGUNO,24050.0,CAMPECHE,Campeche,San Francisco de Campeche
196863,04002621113000451000000000U7,CONSULTORIO DE OTORRINOLARINGOLOGO,Consultorios de medicina especializada del sector privado,0 a 5 personas,LAZARO CARDENAS,24090.0,CAMPECHE,Campeche,San Francisco de Campeche
8232760,04002621113002391000000000U3,CONSULTORIO DE PEDIATRA Y ALERGIAS E INMUNOLOGICAS CLINICA ALERMAS ASMA Y ALERGIAS,Consultorios de medicina especializada del sector privado,0 a 5 personas,LAZARO CARDENAS,24060.0,CAMPECHE,Campeche,San Francisco de Campeche
196864,04002621113000881000000000U5,CONSULTORIO DE PEDIATRIA,Consultorios de medicina especializada del sector privado,0 a 5 personas,LAZARO CARDENAS,24090.0,CAMPECHE,Campeche,San Francisco de Campeche
190902,04003621113000091000000000U9,CONSULTORIO DE PEDIATRIA,Consultorios de medicina especializada del sector privado,0 a 5 personas,40,24170.0,CAMPECHE,Carmen,Ciudad del Carmen
190683,04003621113000211000000000U3,CONSULTORIO DE PEDIATRIA,Consultorios de medicina especializada del sector privado,0 a 5 personas,29-B,24100.0,CAMPECHE,Carmen,Ciudad del Carmen
198753,04004621113000021000000000U4,CONSULTORIO DE PEDIATRIA,Consultorios de medicina especializada del sector privado,0 a 5 personas,CARLOS SANSORES PEREZ,24400.0,CAMPECHE,ChampotÃ³n,ChampotÃ³n
219656,04003621113000411000000000U9,CONSULTORIO DE PEDIATRIA,Consultorios de medicina especializada del sector privado,0 a 5 personas,58,24110.0,CAMPECHE,Carmen,Ciudad del Carmen
186511,04002621113001741000000000U0,CONSULTORIO DE PEDIATRIA,Consultorios de medicina especializada del sector privado,0 a 5 personas,12,24010.0,CAMPECHE,Campeche,San Francisco de Campeche
203335,04003621113000431010000000U7,CONSULTORIO DE PEDIATRIA DR JAVIER SOLANO JARILLO,Clínicas de consultorios médicos del sector privado,0 a 5 personas,31,24100.0,CAMPECHE,Carmen,Ciudad del Carmen
188885,04002621113001651000000000U1,CONSULTORIO DE PEDIATRIA JORGE PIÃA QUIJANO,Consultorios de medicina especializada del sector privado,0 a 5 personas,NINGUNO,24050.0,CAMPECHE,Campeche,San Francisco de Campeche
188899,04002621113000311000000000U3,CONSULTORIO DE PEDIATRIA LUIS AUGUSTO MANZANILLA FELIX,Consultorios de medicina especializada del sector privado,0 a 5 personas,NINGUNO,24050.0,CAMPECHE,Campeche,San Francisco de Campeche
188886,04002621113000141000000000U4,CONSULTORIO DE PEDIATRIA PEDRO LUIS CRUZ CU,Consultorios de medicina especializada del sector privado,0 a 5 personas,NINGUNO,24050.0,CAMPECHE,Campeche,San Francisco de Campeche
8850701,04002621113002521000000000U5,CONSULTORIO DE PEDRIATIA SIN NOMBRE,Consultorios de medicina especializada del sector privado,0 a 5 personas,TERCERA DE QUERETARO,24050.0,CAMPECHE,Campeche,San Francisco de Campeche
8491611,04003621113000711000000000U2,CONSULTORIO DE TRAUMATOLOGIA Y ORTOPEDIA,Consultorios de medicina especializada del sector privado,0 a 5 personas,58,24110.0,CAMPECHE,Carmen,Ciudad del Carmen
8233804,04002621113002461000000000U4,CONSULTORIO DE UROLOGIA,Consultorios de medicina especializada del sector privado,0 a 5 personas,LICENCIADO LUIS DONALDO COLOSIO MURRIETA,24040.0,CAMPECHE,Campeche,San Francisco de Campeche
8233305,04002621113002401000000000U0,CONSULTORIO DE UROLOGIA,Consultorios de medicina especializada del sector privado,0 a 5 personas,LAZARO CARDENAS,24069.0,CAMPECHE,Campeche,San Francisco de Campeche
8233638,04002621113002421000000000U8,CONSULTORIO DE UROLOGIA,Consultorios de medicina especializada del sector privado,0 a 5 personas,NINGUNO,24050.0,CAMPECHE,Campeche,San Francisco de Campeche
188463,04002621113000721000000000U3,CONSULTORIO DEL DR. SANTIAGO GÃNZALEZ AMBROSIO,Consultorios de medicina general del sector privado,0 a 5 personas,10,24040.0,CAMPECHE,Campeche,San Francisco de Campeche
7321582,04002621111001061000000000U7,CONSULTORIO DEL DR. SIMI TURNO MATUTINO,Consultorios de medicina general del sector privado,0 a 5 personas,LICENCIADO LUIS DONALDO COLOSIO MURRIETA,24050.0,CAMPECHE,Campeche,San Francisco de Campeche
9363444,04003621111000861000000000U9,CONSULTORIO DELA DOCTORA  YINET,Consultorios de medicina general del sector privado,0 a 5 personas,37,24100.0,CAMPECHE,Carmen,Ciudad del Carmen
210255,04002621113001561000000000U2,CONSULTORIO DERMATOLOGICO,Consultorios de medicina especializada del sector privado,0 a 5 personas,55,24000.0,CAMPECHE,Campeche,San Francisco de Campeche
186510,04002621113001371000000000U6,CONSULTORIO DERMATOLÃGICO,Consultorios de medicina especializada del sector privado,0 a 5 personas,12,24010.0,CAMPECHE,Campeche,San Francisco de Campeche
188888,04002621113000161000000000U2,CONSULTORIO DERMATOLOGO BEATRIZ COBOS BARQUERA,Consultorios de medicina especializada del sector privado,0 a 5 personas,NINGUNO,24050.0,CAMPECHE,Campeche,San Francisco de Campeche
188828,04002621113001191000000000U8,CONSULTORIO DOCTOR ACUÃA,Consultorios de medicina especializada del sector privado,0 a 5 personas,REPUBLICA,24050.0,CAMPECHE,Campeche,San Francisco de Campeche
200897,04009621111000091000000000U0,CONSULTORIO DOCTORA LUPITA,Consultorios de medicina general del sector privado,0 a 5 personas,33,24350.0,CAMPECHE,EscÃ¡rcega,EscÃ¡rcega
188894,04002621113001221000000000U3,CONSULTORIO DR ALBERTO MANUEL FUENTES FRIAS,Consultorios de medicina especializada del sector privado,0 a 5 personas,NINGUNO,24050.0,CAMPECHE,Campeche,San Francisco de Campeche
188898,04002621113000831000000000U0,CONSULTORIO DR MIGUEL ANGEL DURÃN DEL RIVERO,Consultorios de medicina especializada del sector privado,0 a 5 personas,NINGUNO,24050.0,CAMPECHE,Campeche,San Francisco de Campeche
188891,04002621113001041000000000U5,CONSULTORIO DR MIGUEL ANGEL VARGAS,Consultorios de medicina especializada del sector privado,0 a 5 personas,NINGUNO,24050.0,CAMPECHE,Campeche,San Francisco de Campeche
8233717,04003621111000611000000000U8,CONSULTORIO DR SIMI,Consultorios de medicina general del sector privado,0 a 5 personas,42-E,24180.0,CAMPECHE,Carmen,Ciudad del Carmen
186167,04002621111000351000000000U3,CONSULTORIO DR. MANUEL JESUS GUERRERO MARTÃNEZ,Consultorios de medicina general del sector privado,0 a 5 personas,GOMEZ FARIAS,24010.0,CAMPECHE,Campeche,San Francisco de Campeche
188515,04002621113000581000000000U1,CONSULTORIO DR. WILFRIDO DUARTE CÃMARA,Consultorios de medicina especializada del sector privado,0 a 5 personas,12,24040.0,CAMPECHE,Campeche,San Francisco de Campeche
8428066,04002621111001301000000000U7,CONSULTORIO EBENEZER,Consultorios de medicina general del sector privado,0 a 5 personas,LOMAS,24094.0,CAMPECHE,Campeche,San Francisco de Campeche
186486,04002621113002151000000000U1,CONSULTORIO EN MEDICINA INTERNA Y GERIATRIA.,Consultorios de medicina especializada del sector privado,0 a 5 personas,12,24010.0,CAMPECHE,Campeche,San Francisco de Campeche
7321056,04002621111001021000000000U1,CONSULTORIO FARMACIA SIMI,Consultorios de medicina general del sector privado,0 a 5 personas,LICENCIADO LUIS DONALDO COLOSIO MURRIETA,24050.0,CAMPECHE,Campeche,San Francisco de Campeche
210947,04002621111000681000000000S3,CONSULTORIO FARMACIAS SIMILARES DR. JORGE ALONSO TUZ HAU,Consultorios de medicina general del sector privado,0 a 5 personas,LAZARO CARDENAS,24060.0,CAMPECHE,Campeche,San Francisco de Campeche
7091249,04001621111000201000000000S2,CONSULTORIO FENDACION BEST,Consultorios de medicina general del sector privado,0 a 5 personas,18,24900.0,CAMPECHE,CalkinÃ­,CalkinÃ­
8917526,04002621111001231000000000U6,CONSULTORIO FUNDACION BEST,Consultorios de medicina general del sector privado,0 a 5 personas,PATRICIO TRUEBA DE REGIL,24090.0,CAMPECHE,Campeche,San Francisco de Campeche
7438945,04003621111000701000000000U7,CONSULTORIO FUNDACION BEST 2 TURNO VESPERTINO,Consultorios de medicina general del sector privado,0 a 5 personas,35,24178.0,CAMPECHE,Carmen,Ciudad del Carmen
191905,04001621111000031000000000U3,CONSULTORIO GENERAL,Consultorios de medicina general del sector privado,0 a 5 personas,20,24900.0,CAMPECHE,CalkinÃ­,CalkinÃ­
203337,04003621111000061000000000U6,CONSULTORIO GENERAL SIN NOMBRE,Consultorios de medicina general del sector privado,0 a 5 personas,31,24100.0,CAMPECHE,Carmen,Ciudad del Carmen
7430716,04011621111000101000000000U3,CONSULTORIO GES,Consultorios de medicina general del sector privado,0 a 5 personas,PRIMERO DE JULIO,24330.0,CAMPECHE,Candelaria,Candelaria
211010,04002621111000591000000000U4,CONSULTORIO GI DR VICTOR MANUEL SIMA RIVERO,Consultorios de medicina general del sector privado,0 a 5 personas,CONCORDIA,24085.0,CAMPECHE,Campeche,San Francisco de Campeche
8917527,04002621113002541000000000U3,CONSULTORIO GINECOLOGIA Y OBTRETRICIA,Consultorios de medicina especializada del sector privado,0 a 5 personas,LAZARO CARDENAS,24097.0,CAMPECHE,Campeche,San Francisco de Campeche
186159,04002621111000251000000000U5,CONSULTORIO GINECOLOGICO,Consultorios de medicina especializada del sector privado,0 a 5 personas,14,24010.0,CAMPECHE,Campeche,San Francisco de Campeche
6424849,04004621113000051000000000U1,CONSULTORIO GINECOLOGO,Consultorios de medicina especializada del sector privado,0 a 5 personas,CARLOS SANSORES PEREZ,24400.0,CAMPECHE,ChampotÃ³n,ChampotÃ³n
203338,04003621211000071000000000U3,CONSULTORIO GINECOLOGO SIN NOMBRE,Consultorios de medicina especializada del sector privado,0 a 5 personas,31,24100.0,CAMPECHE,Carmen,Ciudad del Carmen
8428015,04002621111001281000000000U1,CONSULTORIO LA PAZ,Consultorios de medicina general del sector privado,0 a 5 personas,TORMENTA,24097.0,CAMPECHE,Campeche,San Francisco de Campeche
9351392,04002621111001421000000000U3,CONSULTORIO MATUTINO DEL SABADO,Consultorios de medicina general del sector privado,0 a 5 personas,CENTRAL,24040.0,CAMPECHE,Campeche,San Francisco de Campeche
9253510,04002621111001391000000000U8,CONSULTORIO MATUTINO EDGAR RODRIGO CAMAS PACHECO,Consultorios de medicina general del sector privado,0 a 5 personas,ADOLFO LOPEZ MATEOS,24040.0,CAMPECHE,Campeche,San Francisco de Campeche
9253512,04002621111001401000000000U5,CONSULTORIO MATUTINO PEDRO MIGUEL CU PEREZ,Consultorios de medicina general del sector privado,0 a 5 personas,CENTRAL,24040.0,CAMPECHE,Campeche,San Francisco de Campeche
8766962,04002621111001261000000000U3,CONSULTORIO MEDICA DEL ANGEL,Consultorios de medicina general del sector privado,0 a 5 personas,PALENQUE,24085.0,CAMPECHE,Campeche,San Francisco de Campeche
8233163,04001621111000221000000000U0,CONSULTORIO MEDICAL-KIN,Consultorios de medicina general del sector privado,0 a 5 personas,24,24900.0,CAMPECHE,CalkinÃ­,CalkinÃ­
199565,04003621111000311000000000U5,CONSULTORIO MEDICINA GENERAL,Consultorios de medicina general del sector privado,0 a 5 personas,SANTA ISABEL,24155.0,CAMPECHE,Carmen,Ciudad del Carmen
8491955,04003621111000821000000000U3,CONSULTORIO MEDICINA GENERAL,Consultorios de medicina general del sector privado,0 a 5 personas,34,24139.0,CAMPECHE,Carmen,Ciudad del Carmen
210638,04002621111000731000000000U6,CONSULTORIO MEDICINA GENERAL CENTRO MEDICO SANTA ROSALIA,Consultorios de medicina general del sector privado,0 a 5 personas,PATRICIO TRUEBA DE REGIL,24090.0,CAMPECHE,Campeche,San Francisco de Campeche
191234,04001621111000091000000000U7,CONSULTORIO MEDICINA GENERAL NIÃOS,Consultorios de medicina general del sector privado,0 a 5 personas,30,24930.0,CAMPECHE,CalkinÃ­,BÃ©cal
196404,04002621111000041000000000U0,CONSULTORIO MEDICINA INTERNA,Consultorios de medicina especializada del sector privado,0 a 5 personas,LICENCIADO LUIS DONALDO COLOSIO MURRIETA,24040.0,CAMPECHE,Campeche,San Francisco de Campeche
208957,04002621113001851000000000U7,CONSULTORIO MEDICO,Consultorios de medicina especializada del sector privado,0 a 5 personas,104,24020.0,CAMPECHE,Campeche,San Francisco de Campeche
209018,04002621113001631000000000U3,CONSULTORIO MEDICO,Consultorios de medicina especializada del sector privado,0 a 5 personas,FRANCISCO I. MADERO,24050.0,CAMPECHE,Campeche,San Francisco de Campeche
193344,04005621111000031000000000U4,CONSULTORIO MEDICO,Consultorios de medicina general del sector privado,0 a 5 personas,21,24800.0,CAMPECHE,HecelchakÃ¡n,HecelchakÃ¡n
186092,04002621113001291000000000U6,CONSULTORIO MEDICO,Consultorios de medicina especializada del sector privado,0 a 5 personas,FRANCISCO I. MADERO,24050.0,CAMPECHE,Campeche,San Francisco de Campeche
186093,04002621113000681000000000U9,CONSULTORIO MEDICO,Consultorios de medicina especializada del sector privado,0 a 5 personas,FRANCISCO I. MADERO,24050.0,CAMPECHE,Campeche,San Francisco de Campeche
185961,04002621111000271000000000U3,CONSULTORIO MEDICO,Consultorios de medicina general del sector privado,0 a 5 personas,39-A (ALTAMIRANO),24010.0,CAMPECHE,Campeche,San Francisco de Campeche
190448,04003621111000201000000000U8,CONSULTORIO MEDICO,Consultorios de medicina especializada del sector privado,0 a 5 personas,37,24100.0,CAMPECHE,Carmen,Ciudad del Carmen
211515,04002621111000901000000000S5,CONSULTORIO MEDICO,Consultorios de medicina general del sector privado,0 a 5 personas,ALVARO OBREGON,24080.0,CAMPECHE,Campeche,San Francisco de Campeche
190633,04003621113000321000000000U0,CONSULTORIO MEDICO,Consultorios de medicina general del sector privado,0 a 5 personas,27,24100.0,CAMPECHE,Carmen,Ciudad del Carmen
191356,04001621113000031000000000U9,CONSULTORIO MÃDICO,Consultorios de medicina especializada del sector privado,0 a 5 personas,7,24902.0,CAMPECHE,CalkinÃ­,CalkinÃ­
186324,04002621111000021000000000U2,CONSULTORIO MÃDICO,Consultorios de medicina general del sector privado,0 a 5 personas,GOBERNADORES,24050.0,CAMPECHE,Campeche,San Francisco de Campeche
190732,04003621111000251000000000U3,CONSULTORIO MEDICO,Consultorios de medicina general del sector privado,0 a 5 personas,19-A,24130.0,CAMPECHE,Carmen,Ciudad del Carmen
192949,04001465311000461000000000U5,CONSULTORIO MEDICO,Consultorios de medicina general del sector privado,0 a 5 personas,20,24920.0,CAMPECHE,CalkinÃ­,DzitbalchÃ©
212702,04006621111000041000000000U1,CONSULTORIO MÃDICO,Consultorios de medicina general del sector privado,0 a 5 personas,9,24620.0,CAMPECHE,HopelchÃ©n,BolonchÃ©n de RejÃ³n
186286,04002621113000341000000000U0,CONSULTORIO MÃDICO,Consultorios de medicina especializada del sector privado,0 a 5 personas,12,24003.0,CAMPECHE,Campeche,San Francisco de Campeche
208680,04002621111000841000000000U3,CONSULTORIO MEDICO,Consultorios de medicina general del sector privado,0 a 5 personas,45-A,24010.0,CAMPECHE,Campeche,San Francisco de Campeche
203810,04003621111000261000000000U2,CONSULTORIO MEDICO,Consultorios de medicina general del sector privado,0 a 5 personas,40,24189.0,CAMPECHE,Carmen,Ciudad del Carmen
198325,04004621111000101000000000U8,CONSULTORIO MEDICO,Consultorios de medicina general del sector privado,0 a 5 personas,REVOLUCION,24400.0,CAMPECHE,ChampotÃ³n,ChampotÃ³n
202002,04011621111000031000000000U2,CONSULTORIO MEDICO,Consultorios de medicina general del sector privado,0 a 5 personas,16,24330.0,CAMPECHE,Candelaria,Candelaria
200947,04009621111000051000000000U4,CONSULTORIO MEDICO,Consultorios de medicina general del sector privado,0 a 5 personas,HECTOR PEREZ MARTINEZ,24350.0,CAMPECHE,EscÃ¡rcega,EscÃ¡rcega
202274,04011621111000051000000000U0,CONSULTORIO MEDICO,Consultorios de medicina general del sector privado,0 a 5 personas,17,24330.0,CAMPECHE,Candelaria,Candelaria
200343,04009621111000021000000000U7,CONSULTORIO MEDICO,Consultorios de medicina general del sector privado,0 a 5 personas,JUSTO SIERRA MENDEZ,24350.0,CAMPECHE,EscÃ¡rcega,EscÃ¡rcega
201093,04003621111000091000000000U3,CONSULTORIO MEDICO,Consultorios de medicina general del sector privado,0 a 5 personas,MANUEL J. LOPEZ HERNANDEZ,24300.0,CAMPECHE,Carmen,Sabancuy
195558,04002621111000171000000000U5,CONSULTORIO MEDICO,Consultorios de medicina especializada del sector privado,0 a 5 personas,JUSTO SIERRA,24040.0,CAMPECHE,Campeche,San Francisco de Campeche
194941,04006621111000011000000000U4,CONSULTORIO MEDICO,Consultorios de medicina general del sector privado,0 a 5 personas,17,24600.0,CAMPECHE,HopelchÃ©n,HopelchÃ©n
8160283,04002621111001341000000000U3,CONSULTORIO MEDICO,Consultorios de medicina general del sector privado,0 a 5 personas,ANTIGUA CAMPECHE-MERIDA,24088.0,CAMPECHE,Campeche,San Francisco de Campeche
195543,04002621111000531010000000U0,CONSULTORIO MEDICO,Consultorios de medicina especializada del sector privado,0 a 5 personas,JUSTO SIERRA,24040.0,CAMPECHE,Campeche,San Francisco de Campeche
198623,04004621111000091000000000U1,CONSULTORIO MEDICO,Consultorios de medicina general del sector privado,0 a 5 personas,28,24400.0,CAMPECHE,ChampotÃ³n,ChampotÃ³n
195556,04002621111000471000000000U9,CONSULTORIO MEDICO,Consultorios de medicina especializada del sector privado,0 a 5 personas,JUSTO SIERRA,24040.0,CAMPECHE,Campeche,San Francisco de Campeche
7287375,04002621111000981000000000U7,CONSULTORIO MEDICO,Consultorios de medicina general del sector privado,0 a 5 personas,16,24020.0,CAMPECHE,Campeche,San Francisco de Campeche
8234037,04003621111000651000000000U4,CONSULTORIO MEDICO,Consultorios de medicina general del sector privado,0 a 5 personas,34,24139.0,CAMPECHE,Carmen,Ciudad del Carmen
8766953,04002621111001251000000000U4,CONSULTORIO MEDICO,Consultorios de medicina general del sector privado,0 a 5 personas,FRANCISCO I. MADERO,24050.0,CAMPECHE,Campeche,San Francisco de Campeche
7286391,04005621111000091000000000U8,CONSULTORIO MEDICO,Consultorios de medicina general del sector privado,0 a 5 personas,12,24810.0,CAMPECHE,HecelchakÃ¡n,Pomuch
186567,04002621111000091000000000U5,CONSULTORIO MÃDICO,Consultorios de medicina general del sector privado,0 a 5 personas,14,24000.0,CAMPECHE,Campeche,San Francisco de Campeche
188211,04002621111000461000000000U0,CONSULTORIO MEDICO,Consultorios de medicina especializada del sector privado,0 a 5 personas,JALISCO,24050.0,CAMPECHE,Campeche,San Francisco de Campeche
205918,04001621111000131000000000U1,CONSULTORIO MEDICO,Consultorios de medicina general del sector privado,0 a 5 personas,20,24900.0,CAMPECHE,CalkinÃ­,CalkinÃ­
186484,04002621111000911000000000U4,CONSULTORIO MÃDICO,Consultorios de medicina general del sector privado,0 a 5 personas,12,24010.0,CAMPECHE,Campeche,San Francisco de Campeche
187181,04002621111000491000000000U7,CONSULTORIO MEDICO,Consultorios de medicina general del sector privado,0 a 5 personas,GOBERNADORES,24080.0,CAMPECHE,Campeche,San Francisco de Campeche
187454,04002621111000391000000000U9,CONSULTORIO MEDICO,Consultorios de medicina general del sector privado,0 a 5 personas,110,24020.0,CAMPECHE,Campeche,San Francisco de Campeche
8491508,04003621111000771000000000U0,CONSULTORIO MEDICO,Consultorios de medicina general del sector privado,0 a 5 personas,PUENTE DE LA UNIDAD,24375.0,CAMPECHE,Carmen,Isla Aguada
186088,04002621113000931000000000U8,CONSULTORIO MEDICO 3,Consultorios de medicina especializada del sector privado,0 a 5 personas,FRANCISCO I. MADERO,24050.0,CAMPECHE,Campeche,San Francisco de Campeche
186089,04002621113001241000000000U1,CONSULTORIO MEDICO 6,Consultorios de medicina especializada del sector privado,0 a 5 personas,FRANCISCO I. MADERO,24050.0,CAMPECHE,Campeche,San Francisco de Campeche
188567,04002621113001071000000000U2,CONSULTORIO MEDICO ADOLFO CÃRDOVA MOGUEL,Consultorios de medicina general del sector privado,0 a 5 personas,TALAMANTES,24040.0,CAMPECHE,Campeche,San Francisco de Campeche
201997,04011621111000061000000000U9,CONSULTORIO MEDICO BIOMEDIC,Consultorios de medicina general del sector privado,0 a 5 personas,16,24330.0,CAMPECHE,Candelaria,Candelaria
221337,04003621113000581000000000U9,CONSULTORIO MEDICO CIGUJANOOFTALMOLOGO,Consultorios de medicina especializada del sector privado,0 a 5 personas,CONSTELACION PEGASO,24158.0,CAMPECHE,Carmen,Ciudad del Carmen
198599,04004621111000161000000000U2,CONSULTORIO MEDICO CIRUJANO,Consultorios de medicina general del sector privado,0 a 5 personas,29,24400.0,CAMPECHE,ChampotÃ³n,ChampotÃ³n
218491,04003621111000451000000000U9,CONSULTORIO MÃDICO CIRUJANO,Consultorios de medicina general del sector privado,0 a 5 personas,CONCORDIA,24169.0,CAMPECHE,Carmen,Ciudad del Carmen
7430758,04007621111000031000000000U0,CONSULTORIO MEDICO DE FARMACIA SIMILARES,Consultorios de medicina general del sector privado,0 a 5 personas,PINO SUAREZ,24200.0,CAMPECHE,Palizada,Palizada
193261,04005621111000051000000000U2,CONSULTORIO MEDICO DE FUNDACIÃN BEST A.C,Consultorios de medicina general del sector privado,0 a 5 personas,20,24800.0,CAMPECHE,HecelchakÃ¡n,HecelchakÃ¡n
219271,04003621111000301000000000U6,CONSULTORIO MÃDICO DE FUNDACION BEST TURNO VESPERTINO,Consultorios de medicina general del sector privado,0 a 5 personas,37,24110.0,CAMPECHE,Carmen,Ciudad del Carmen
203517,04003621113000141000000000U2,CONSULTORIO MEDICO DE GINECOLIGIA SIN NOMBRE,Consultorios de medicina especializada del sector privado,0 a 5 personas,PERIFERICA NORTE,24190.0,CAMPECHE,Carmen,Ciudad del Carmen
210800,04002621113001601000000000U6,CONSULTORIO MÃDICO DE GINECOLÃGIA OBSTETRICIA SALINAS-RICHAUD,Consultorios de medicina especializada del sector privado,0 a 5 personas,LAZARO CARDENAS,24069.0,CAMPECHE,Campeche,San Francisco de Campeche
210803,04002621113001771000000000U7,CONSULTORIO MÃDICO DE GINECOLOGIA Y OBSTETRICIA,Consultorios de medicina especializada del sector privado,0 a 5 personas,PICH,24069.0,CAMPECHE,Campeche,San Francisco de Campeche
200230,04010621111000011000000000U6,CONSULTORIO MEDICO DE MEDICINA GENERAL SIN NOMBRE,Consultorios de medicina especializada del sector privado,0 a 5 personas,CALAKMUL,24640.0,CAMPECHE,Calakmul,Xpujil
7216832,04002621113002201000000000U4,CONSULTORIO MEDICO DE MEDICINA INTERNA,Consultorios de medicina especializada del sector privado,0 a 5 personas,12,24010.0,CAMPECHE,Campeche,San Francisco de Campeche
210948,04002621111000791000000000S0,CONSULTORIO MEDICO DE SIMILARES FUNDACION BEST LUIS MANUEL ROSADO CAMARA,Consultorios de medicina general del sector privado,0 a 5 personas,LAZARO CARDENAS,24060.0,CAMPECHE,Campeche,San Francisco de Campeche
218400,04003621113000511000000000U6,CONSULTORIO MEDICO DE TRAUMATOLOGIA,Consultorios de medicina especializada del sector privado,0 a 5 personas,40,24170.0,CAMPECHE,Carmen,Ciudad del Carmen
8233889,04003621113000671000000000U8,CONSULTORIO MEDICO DE TRAUMATOLOGIA Y ORTOPEDIA SIN NOMBRE,Consultorios de medicina especializada del sector privado,0 a 5 personas,31,24100.0,CAMPECHE,Carmen,Ciudad del Carmen
8434060,04002621113002331000000000U9,CONSULTORIO MEDICO DEL DOCTOR HERRERA,Consultorios de medicina especializada del sector privado,0 a 5 personas,14,24040.0,CAMPECHE,Campeche,San Francisco de Campeche
8767312,04005621111000111000000000U4,CONSULTORIO MEDICO DEL SECTOR PRIVADO,Consultorios de medicina general del sector privado,0 a 5 personas,15,24800.0,CAMPECHE,HecelchakÃ¡n,HecelchakÃ¡n
7440172,04003621111000731000000000U4,CONSULTORIO MEDICO DOCTOR CASTILLO,Consultorios de medicina general del sector privado,0 a 5 personas,HIDALGO,24300.0,CAMPECHE,Carmen,Sabancuy
188660,04002621113000151000000000U3,CONSULTORIO MÃDICO DR FONSECA ALERGOLOGO,Consultorios de medicina especializada del sector privado,0 a 5 personas,16,24040.0,CAMPECHE,Campeche,San Francisco de Campeche
200188,04009621113000021000000000U3,CONSULTORIO MÃDICO ESPECIALIDAD,Consultorios de medicina especializada del sector privado,0 a 5 personas,23,24350.0,CAMPECHE,EscÃ¡rcega,EscÃ¡rcega
196852,04002621113000101000000000U8,CONSULTORIO MEDICO ESPECIALIDAD EN MEDICINA INTERNA,Consultorios de medicina especializada del sector privado,0 a 5 personas,LICENCIADO LUIS DONALDO COLOSIO MURRIETA,24050.0,CAMPECHE,Campeche,San Francisco de Campeche
210411,04002621113001661000000000U0,CONSULTORIO MEDICO ESPECIALISTA EN GINECOLOGIA SIN NOMBRE,Consultorios de medicina especializada del sector privado,0 a 5 personas,LAZARO CARDENAS,24069.0,CAMPECHE,Campeche,San Francisco de Campeche
7430458,04004621111000291000000000U7,CONSULTORIO MEDICO ESPECIALISTA URGENCIA MEDICAS,Consultorios de medicina general del sector privado,0 a 5 personas,34,24400.0,CAMPECHE,ChampotÃ³n,ChampotÃ³n
188159,04002621113000791000000000U6,CONSULTORIO MEDICO FAMILIAR,Consultorios de medicina general del sector privado,0 a 5 personas,12,24000.0,CAMPECHE,Campeche,San Francisco de Campeche
218132,04003621111000371000000000U9,CONSULTORIO MEDICO FAMILIAR SIN NOMBRE,Consultorios de medicina general del sector privado,0 a 5 personas,32,24100.0,CAMPECHE,Carmen,Ciudad del Carmen
190549,04003621111000071000000000U5,CONSULTORIO MEDICO FRANCISCO DE LA CRUZ SANGUINO KURI,Consultorios de medicina general del sector privado,0 a 5 personas,32,24100.0,CAMPECHE,Carmen,Ciudad del Carmen
7216711,04002621111001001000000000U3,CONSULTORIO MEDICO FUNDACION BEST,Consultorios de medicina general del sector privado,0 a 5 personas,BALUARTES,24050.0,CAMPECHE,Campeche,San Francisco de Campeche
198582,04004621111000081000000000U2,CONSULTORIO MEDICO FUNDACION BEST,Consultorios de medicina general del sector privado,0 a 5 personas,41,24400.0,CAMPECHE,ChampotÃ³n,ChampotÃ³n
7815544,04001621111000231000000000U9,CONSULTORIO MEDICO FUNDACION BEST,Consultorios de medicina general del sector privado,0 a 5 personas,20,24920.0,CAMPECHE,CalkinÃ­,DzitbalchÃ©
7286584,04002621111000951000000000U0,CONSULTORIO MEDICO FUNDACION BEST,Consultorios de medicina general del sector privado,0 a 5 personas,14,24020.0,CAMPECHE,Campeche,San Francisco de Campeche
219272,04003621111000441000000000U0,CONSULTORIO MEDICO FUNDACION BEST AC,Consultorios de medicina general del sector privado,0 a 5 personas,37,24110.0,CAMPECHE,Carmen,Ciudad del Carmen
207900,04002621111000571000000000U6,CONSULTORIO MEDICO FUNDACIÃN BEST AC,Consultorios de medicina general del sector privado,0 a 5 personas,JAINA,24088.0,CAMPECHE,Campeche,San Francisco de Campeche
191831,04001621111000011000000000U5,CONSULTORIO MEDICO GENERAL,Consultorios de medicina general del sector privado,0 a 5 personas,15,24900.0,CAMPECHE,CalkinÃ­,CalkinÃ­
198619,04004621111000041000000000U6,CONSULTORIO MEDICO GENERAL,Consultorios de medicina general del sector privado,0 a 5 personas,31,24400.0,CAMPECHE,ChampotÃ³n,ChampotÃ³n
7285657,04005621111000071000000000U0,CONSULTORIO MEDICO GENERAL JANET ANEL CAAMAL CHAN,Consultorios de medicina general del sector privado,0 a 5 personas,18,24800.0,CAMPECHE,HecelchakÃ¡n,HecelchakÃ¡n
216163,04010621111000021000000000U5,CONSULTORIO MÃDICO GENERAL MEDIFIEL,Consultorios de medicina general del sector privado,0 a 5 personas,XMAL,24640.0,CAMPECHE,Calakmul,Xpujil
190813,04003621111000041000000000U8,CONSULTORIO MEDICO GENERAL SIN NOMBRE,Consultorios de medicina general del sector privado,0 a 5 personas,19,24180.0,CAMPECHE,Carmen,Ciudad del Carmen
218342,04003621111000401000000000U4,CONSULTORIO MEDICO GENERAL SIN NOMBRE,Consultorios de medicina general del sector privado,0 a 5 personas,31,24100.0,CAMPECHE,Carmen,Ciudad del Carmen
8428231,04002621111001311000000000U6,CONSULTORIO MEDICO GIL REJON,Consultorios de medicina general del sector privado,0 a 5 personas,16 DE SEPTIEMBRE,24026.0,CAMPECHE,Campeche,San Francisco de Campeche
218025,04003621113000451000000000U5,CONSULTORIO MEDICO GINECOLOGO,Consultorios de medicina especializada del sector privado,0 a 5 personas,28,24100.0,CAMPECHE,Carmen,Ciudad del Carmen
190235,04003621111000081000000000U4,CONSULTORIO MEDICO JOSE DEL CARMEN GONZALEZ VILASECA,Consultorios de medicina general del sector privado,0 a 5 personas,50,24170.0,CAMPECHE,Carmen,Ciudad del Carmen
195529,04002621111000511000000000U2,CONSULTORIO MEDICO MARVI,Consultorios de medicina general del sector privado,0 a 5 personas,14-A,24030.0,CAMPECHE,Campeche,San Francisco de Campeche
8850476,04002621111001211000000000U8,CONSULTORIO MEDICO MEDICALEMUS,Consultorios de medicina general del sector privado,0 a 5 personas,GOBERNADORES,24050.0,CAMPECHE,Campeche,San Francisco de Campeche
7429903,04004621111000281000000000U8,CONSULTORIO MEDICO MEDICINA GENERAL,Consultorios de medicina general del sector privado,0 a 5 personas,27,24400.0,CAMPECHE,ChampotÃ³n,ChampotÃ³n
217217,04003621113000081010000000U0,CONSULTORIO MEDICO MEDICINA GENERAL CIRUJANO,Consultorios de medicina general del sector privado,0 a 5 personas,25,24180.0,CAMPECHE,Carmen,Ciudad del Carmen
8112129,04009621111000181000000000U9,CONSULTORIO MEDICO MG,Consultorios de medicina general del sector privado,0 a 5 personas,JUSTO SIERRA MENDEZ,24350.0,CAMPECHE,EscÃ¡rcega,EscÃ¡rcega
216256,04009621111000111000000000U6,CONSULTORIO MEDICO NEGRETE,Consultorios de medicina general del sector privado,0 a 5 personas,31,24350.0,CAMPECHE,EscÃ¡rcega,EscÃ¡rcega
191357,04001621113000041000000000U8,CONSULTORIO MÃDICO NO.4,Consultorios de medicina especializada del sector privado,0 a 5 personas,7,24902.0,CAMPECHE,CalkinÃ­,CalkinÃ­
8219250,04010621112000012000000000U2,CONSULTORIO MEDICO PARA EL PERSONAL DEL AYUNTAMIENTO,Consultorios de medicina general del sector público,6 a 10 personas,SILVITUC,24640.0,CAMPECHE,Calakmul,Xpujil
191847,04001621111000061000000000U0,CONSULTORIO MEDICO PARTICULAR,Consultorios de medicina general del sector privado,0 a 5 personas,22,24900.0,CAMPECHE,CalkinÃ­,CalkinÃ­
213739,04004621111000191000000000U9,CONSULTORIO MEDICO PARTICULAR FAMILIAR,Consultorios de medicina general del sector privado,0 a 5 personas,11,24400.0,CAMPECHE,ChampotÃ³n,ChampotÃ³n
213719,04004621113000031000000000U3,CONSULTORIO MEDICO PEDIATRA,Consultorios de medicina especializada del sector privado,0 a 5 personas,34,24400.0,CAMPECHE,ChampotÃ³n,ChampotÃ³n
205246,04002621111000541000000000U9,CONSULTORIO MEDICO PEDIATRA,Consultorios de medicina general del sector privado,0 a 5 personas,LICENCIADO LUIS DONALDO COLOSIO MURRIETA,24050.0,CAMPECHE,Campeche,San Francisco de Campeche
186374,04002621113000751000000000U0,CONSULTORIO MEDICO PEDIATRA,Consultorios de medicina especializada del sector privado,0 a 5 personas,ADOLFO RUIZ CORTINES,24000.0,CAMPECHE,Campeche,San Francisco de Campeche
195635,04002621113000191000000000U9,CONSULTORIO MEDICO PEDIATRIA,Consultorios de medicina especializada del sector privado,0 a 5 personas,ADOLFO LOPEZ MATEOS,24030.0,CAMPECHE,Campeche,San Francisco de Campeche
205314,04001621113000061000000000U6,CONSULTORIO MÃDICO PEDIATRÃA,Consultorios de medicina especializada del sector privado,0 a 5 personas,7,24902.0,CAMPECHE,CalkinÃ­,CalkinÃ­
8223751,04004621111000241000000000U2,CONSULTORIO MEDICO PRIVADO,Consultorios de medicina general del sector privado,0 a 5 personas,23,24400.0,CAMPECHE,ChampotÃ³n,ChampotÃ³n
213423,04004621111000021000000000U8,CONSULTORIO MEDICO PRIVADO SIN NOMBRE,Consultorios de medicina general del sector privado,0 a 5 personas,30,24400.0,CAMPECHE,ChampotÃ³n,ChampotÃ³n
8491226,04004621111000261000000000U0,CONSULTORIO MEDICO PRIVADO SIN NOMBRE,Consultorios de medicina general del sector privado,0 a 5 personas,30,24400.0,CAMPECHE,ChampotÃ³n,ChampotÃ³n
213242,04004621111000211000000000U5,CONSULTORIO MÃDICO REFORMA,Consultorios de medicina general del sector privado,0 a 5 personas,15-A,24400.0,CAMPECHE,ChampotÃ³n,ChampotÃ³n
203754,04003621111000121000000000U8,CONSULTORIO MEDICO SIMILAR,Consultorios de medicina general del sector privado,0 a 5 personas,10 DE JULIO,24180.0,CAMPECHE,Carmen,Ciudad del Carmen
8428235,04002621111001321000000000U5,CONSULTORIO MEDICO SIMILARES,Consultorios de medicina general del sector privado,0 a 5 personas,14,24020.0,CAMPECHE,Campeche,San Francisco de Campeche
7286583,04002621111000941000000000U1,CONSULTORIO MEDICO SIMILARES,Consultorios de medicina general del sector privado,0 a 5 personas,14,24020.0,CAMPECHE,Campeche,San Francisco de Campeche
7439280,04003621111000711000000000U6,CONSULTORIO MEDICO SIMILARES,Consultorios de medicina general del sector privado,0 a 5 personas,SATELITE,24185.0,CAMPECHE,Carmen,Ciudad del Carmen
203229,04003621111000141000000000U6,CONSULTORIO MEDICO SIN MEDICO,Consultorios de medicina general del sector privado,0 a 5 personas,40,24178.0,CAMPECHE,Carmen,Ciudad del Carmen
190552,04003621113000011000000000U7,CONSULTORIO MEDICO SIN NOMBRE,Consultorios de medicina general del sector privado,0 a 5 personas,32,24100.0,CAMPECHE,Carmen,Ciudad del Carmen
185882,04002621113000811000000000U2,CONSULTORIO MEDICO SIN NOMBRE,Consultorios de medicina general del sector privado,0 a 5 personas,14,24020.0,CAMPECHE,Campeche,San Francisco de Campeche
210642,04002621113002181000000000U8,CONSULTORIO MEDICO SIN NOMBRE,Consultorios de medicina especializada del sector privado,0 a 5 personas,PATRICIO TRUEBA DE REGIL,24090.0,CAMPECHE,Campeche,San Francisco de Campeche
7216710,04002621111000991000000000U6,CONSULTORIO MEDICO SIN NOMBRE,Consultorios de medicina general del sector privado,0 a 5 personas,BALUARTES,24050.0,CAMPECHE,Campeche,San Francisco de Campeche
193722,04008621111000011000000000U0,CONSULTORIO MÃDICO SIN NOMBRE,Consultorios de medicina general del sector privado,0 a 5 personas,12,24700.0,CAMPECHE,Tenabo,Tenabo
214702,04009621111000121000000000U5,CONSULTORIO MEDICO SIN NOMBRE,Consultorios de medicina general del sector privado,0 a 5 personas,28,24350.0,CAMPECHE,EscÃ¡rcega,DivisiÃ³n del Norte
202720,04003621111000161000000000U4,CONSULTORIO MEDICO SIN NOMBRE,Consultorios de medicina general del sector privado,0 a 5 personas,26,24100.0,CAMPECHE,Carmen,Ciudad del Carmen
217661,04003621113000261000000000U8,CONSULTORIO MEDICO SIN NOMBRE,Consultorios de medicina general del sector privado,0 a 5 personas,10 DE JULIO,24180.0,CAMPECHE,Carmen,Ciudad del Carmen
202005,04011621111000041000000000U1,CONSULTORIO MEDICO SIN NOMBRE,Consultorios de medicina general del sector privado,0 a 5 personas,NINGUNO,24330.0,CAMPECHE,Candelaria,Candelaria
8224247,04003621113000651000000000U0,CONSULTORIO MEDICO SIN NOMBRE,Consultorios de medicina especializada del sector privado,0 a 5 personas,MONTE ALBAN,24150.0,CAMPECHE,Carmen,Ciudad del Carmen
8223807,04004621111000251000000000U1,CONSULTORIO MEDICO SIN NOMBRE,Consultorios de medicina general del sector privado,0 a 5 personas,30,24400.0,CAMPECHE,ChampotÃ³n,ChampotÃ³n
7286725,04002621111000961000000000U9,CONSULTORIO MEDICO SIN NOMBRE,Consultorios de medicina general del sector privado,0 a 5 personas,22,24520.0,CAMPECHE,Campeche,ChinÃ¡
7429630,04004621111000271000000000U9,CONSULTORIO MEDICO SIN NOMBRE,Consultorios de medicina general del sector privado,0 a 5 personas,10,24462.0,CAMPECHE,Seybaplaya,Villa Madero                                                                                                  
8491890,04003621111000811000000000U4,CONSULTORIO MEDICO SIN NOMBRE,Consultorios de medicina general del sector privado,0 a 5 personas,PAEZ URQUIDI,24178.0,CAMPECHE,Carmen,Ciudad del Carmen
8434156,04002621111001171000000000U4,CONSULTORIO MEDICO SIN NOMBRE,Consultorios de medicina general del sector privado,0 a 5 personas,BALUARTES,24050.0,CAMPECHE,Campeche,San Francisco de Campeche
9367867,04001621111000261000000000U6,CONSULTORIO MEDICO SIN NOMBRE,Consultorios de medicina general del sector privado,0 a 5 personas,18,24925.0,CAMPECHE,CalkinÃ­,BacabchÃ©n
197416,04004621111000131010000000U5,CONSULTORIO MÃDICO SUBROGADO DEL INSTITUTO DE SEGURO SOCIAL AL SERVICIO DE LOS TRABAJADORES DEL ESTADO,Consultorios de medicina general del sector público,0 a 5 personas,41,24460.0,CAMPECHE,Seybaplaya,Seybaplaya                                                                                                    
196413,04002621311000041010000000U6,CONSULTORIO MEDICO TRAMAUTOLOGIA Y ORTOPEDIA,Consultorios de medicina especializada del sector privado,0 a 5 personas,LICENCIADO LUIS DONALDO COLOSIO MURRIETA,24040.0,CAMPECHE,Campeche,San Francisco de Campeche
8223977,04003621111000591000000000U2,CONSULTORIO MEDICON SIMILARES,Consultorios de medicina general del sector privado,0 a 5 personas,PUENTE DE LA UNIDAD,24375.0,CAMPECHE,Carmen,Isla Aguada
186317,04002621113001921000000000U8,CONSULTORIO OFTALMOLOGICO,Consultorios de medicina especializada del sector privado,0 a 5 personas,10,24010.0,CAMPECHE,Campeche,San Francisco de Campeche
219657,04003621113000621000000000U3,CONSULTORIO OFTAMOLOGIA,Consultorios de medicina especializada del sector privado,0 a 5 personas,58,24110.0,CAMPECHE,Carmen,Ciudad del Carmen
210011,04002621113002081000000000U0,CONSULTORIO OTORRINOLARINGOLOGIA,Consultorios de medicina especializada del sector privado,0 a 5 personas,PATRICIO TRUEBA DE REGIL,24090.0,CAMPECHE,Campeche,San Francisco de Campeche
196552,04002621113001101000000000U7,CONSULTORIO OTORRINOLARINGOLOGIA,Consultorios de medicina especializada del sector privado,0 a 5 personas,JOSE LOPEZ PORTILLO,24095.0,CAMPECHE,Campeche,San Francisco de Campeche
214461,04011621111000081000000000U7,CONSULTORIO PARTICULAR SIN NOMBRE,Consultorios de medicina general del sector privado,0 a 5 personas,12,24330.0,CAMPECHE,Candelaria,Candelaria
196651,04002621113000321000000000U2,CONSULTORIO PEDIATRA,Consultorios de medicina especializada del sector privado,0 a 5 personas,12,24090.0,CAMPECHE,Campeche,San Francisco de Campeche
188982,04002621113000731000000000U2,CONSULTORIO PEDIATRA EDUARDO MANUEL ESPADAS ARNABAR,Consultorios de medicina especializada del sector privado,0 a 5 personas,REPUBLICA,24050.0,CAMPECHE,Campeche,San Francisco de Campeche
188892,04002621113000351000000000U9,CONSULTORIO PEDIATRA JORGE LUIS RUIZ MENDOZA,Consultorios de medicina especializada del sector privado,0 a 5 personas,NINGUNO,24050.0,CAMPECHE,Campeche,San Francisco de Campeche
196403,04002621113000251000000000U1,CONSULTORIO PEDIATRIA,Consultorios de medicina especializada del sector privado,0 a 5 personas,LICENCIADO LUIS DONALDO COLOSIO MURRIETA,24040.0,CAMPECHE,Campeche,San Francisco de Campeche
211846,04002621113002121000000000U4,CONSULTORIO PEDIATRICO,Consultorios de medicina especializada del sector privado,0 a 5 personas,12,24090.0,CAMPECHE,Campeche,San Francisco de Campeche
8112910,04002621113002321000000000U0,CONSULTORIO PEDIATRICO,Consultorios de medicina especializada del sector privado,0 a 5 personas,NINGUNO,24050.0,CAMPECHE,Campeche,San Francisco de Campeche
8491184,04003621111000741000000000U3,CONSULTORIO PEDIATRICO,Consultorios de medicina general del sector privado,0 a 5 personas,57,24115.0,CAMPECHE,Carmen,Ciudad del Carmen
8428624,04005621113000021000000000U1,CONSULTORIO PEDIATRICO PABEL IRAN UC EUAN,Consultorios de medicina especializada del sector privado,0 a 5 personas,18,24800.0,CAMPECHE,HecelchakÃ¡n,HecelchakÃ¡n
7090687,04001621111000181000000000U6,CONSULTORIO ROMEO,Consultorios de medicina general del sector privado,0 a 5 personas,18,24902.0,CAMPECHE,CalkinÃ­,CalkinÃ­
190140,04003621113000471000000000U3,CONSULTORIO SANTA ISABEL,Consultorios de medicina especializada del sector privado,0 a 5 personas,50-A,24178.0,CAMPECHE,Carmen,Ciudad del Carmen
219288,04003621113000381000000000U4,CONSULTORIO SANTA ISABEL,Consultorios de medicina especializada del sector privado,0 a 5 personas,50-A,24178.0,CAMPECHE,Carmen,Ciudad del Carmen
200784,04009621111000151000000000U2,CONSULTORIO SIMILAR FUNDACION BEST,Consultorios de medicina general del sector privado,0 a 5 personas,24,24350.0,CAMPECHE,EscÃ¡rcega,EscÃ¡rcega
8232582,04002621111001191000000000U2,CONSULTORIO SIMILARES,Consultorios de medicina general del sector privado,0 a 5 personas,PATRICIO TRUEBA DE REGIL,24090.0,CAMPECHE,Campeche,San Francisco de Campeche
8797394,04009621111000161000000000U1,CONSULTORIO SIMILARES,Consultorios de medicina general del sector privado,0 a 5 personas,24,24350.0,CAMPECHE,EscÃ¡rcega,EscÃ¡rcega
8224217,04010621111000031000000000S4,CONSULTORIO SIMILARES,Consultorios de medicina general del sector privado,0 a 5 personas,CALAKMUL,24640.0,CAMPECHE,Calakmul,Xpujil
192639,04001621111000071000000000U9,CONSULTORIO SIN NOMBRE,Consultorios de medicina general del sector privado,0 a 5 personas,18,24920.0,CAMPECHE,CalkinÃ­,DzitbalchÃ©
7091564,04006621111000051000000000U0,CONSULTORIO SIN NOMBRE,Consultorios de medicina general del sector privado,0 a 5 personas,8,24660.0,CAMPECHE,HopelchÃ©n,Vicente Guerrero
202356,04007621111000011000000000U2,CONSULTORIO SURROGADO DEL INSTITUTO DE SEGURIDAD Y SERVICIOS SOCIALES DE LOS TRABAJADORES DEL ESTADO,Consultorios de medicina general del sector privado,0 a 5 personas,MARIANO ABASOLO,24200.0,CAMPECHE,Palizada,Palizada
219620,04003621113000441000000000U6,CONSULTORIO TRAUMATOLOGIA,Consultorios de medicina especializada del sector privado,0 a 5 personas,58,24110.0,CAMPECHE,Carmen,Ciudad del Carmen
8161100,04002621113002711000000000U2,CONSULTORIO TURNO MATUTINO DR GILMER SAENZ GRANADOS,Consultorios de medicina especializada del sector privado,0 a 5 personas,NINGUNO,24050.0,CAMPECHE,Campeche,San Francisco de Campeche
9353617,04002621111001411000000000U4,CONSULTORIO TURNO VESPERTINO,Consultorios de medicina general del sector privado,0 a 5 personas,CENTRAL,24040.0,CAMPECHE,Campeche,San Francisco de Campeche
7321581,04002621111001051000000000U8,CONSULTORIO TURNO VESPTERINO CONSULTORIO SIMI,Consultorios de medicina general del sector privado,0 a 5 personas,LICENCIADO LUIS DONALDO COLOSIO MURRIETA,24050.0,CAMPECHE,Campeche,San Francisco de Campeche
214080,04004621111000201000000000U6,CONSULTORIO ULTRASONIDO Y DIAGOSTICO,Consultorios de medicina general del sector privado,0 a 5 personas,NINGUNO,24400.0,CAMPECHE,ChampotÃ³n,ChampotÃ³n
7321074,04002621113002231000000000U1,CONSULTORIO UNIDAD MATERNO FETAL INFECTOPEDIATRA,Consultorios de medicina especializada del sector privado,0 a 5 personas,PEDRO MORENO,24049.0,CAMPECHE,Campeche,San Francisco de Campeche
219549,04003621111000471000000000U7,CONSULTORIO UNIDAD MEDICA,Consultorios de medicina general del sector privado,0 a 5 personas,33-A,24116.0,CAMPECHE,Carmen,Ciudad del Carmen
186381,04002621113000181000000000U0,CONSULTORIOS DE ESPECIALIDADES MÃDICAS GUADALUPE,Consultorios de medicina especializada del sector privado,0 a 5 personas,JUAREZ,24010.0,CAMPECHE,Campeche,San Francisco de Campeche
8161098,04002621113002691000000000U6,CONSULTORIOS DE MEDICINA ESPECIALIZADA DEL SECTOR PRIVADO,Consultorios de medicina especializada del sector privado,0 a 5 personas,NINGUNO,24050.0,CAMPECHE,Campeche,San Francisco de Campeche
9253506,04002621113002811000000000U0,CONSULTORIOS DE MEDICINA ESPECIALIZADA DEL SECTOR PRIVADO,Consultorios de medicina especializada del sector privado,0 a 5 personas,NINGUNO,24050.0,CAMPECHE,Campeche,San Francisco de Campeche
196785,04002621113000861000000000U7,CONSULTORIOS DE MEDICINA GENERAL DEL SECTOR PRIVADO,Consultorios de medicina general del sector privado,0 a 5 personas,CENTRAL,24050.0,CAMPECHE,Campeche,San Francisco de Campeche
8917357,04002621111001221000000000U7,CONSULTORIOS DE MEDICINA GENERAL DEL SECTOR PRIVADO,Consultorios de medicina general del sector privado,0 a 5 personas,GOBERNADORES,24080.0,CAMPECHE,Campeche,San Francisco de Campeche
211008,04002621111000661000000000U5,CONSULTORIOS GI,Consultorios de medicina general del sector privado,0 a 5 personas,CONCORDIA,24085.0,CAMPECHE,Campeche,San Francisco de Campeche
8428016,04002621113002591000000000U8,CONSULTORIOS GINECOLOGIA Y OBTETRICIA,Consultorios de medicina especializada del sector privado,0 a 5 personas,TORMENTA,24097.0,CAMPECHE,Campeche,San Francisco de Campeche
186380,04002621113001791000000000U5,CONSULTORIOS GUADALUPE,Consultorios de medicina especializada del sector privado,0 a 5 personas,JUAREZ,24010.0,CAMPECHE,Campeche,San Francisco de Campeche
195678,04002621113000631000000000U4,CONSULTORIOS PRIVADOS DE MEDICINA ESPECIALIZADA,Consultorios de medicina especializada del sector privado,0 a 5 personas,AGUSTIN MELGAR,24030.0,CAMPECHE,Campeche,San Francisco de Campeche
9286313,04002621111001381000000000U9,CONSULTORIOS PROFESIONALES CORPORATIVOS,Consultorios de medicina general del sector privado,0 a 5 personas,2000,24050.0,CAMPECHE,Campeche,San Francisco de Campeche
8491858,04003621111000801000000000S5,CONSULTORITO DE SIMILARES 2 CHECHEN,Consultorios de medicina general del sector privado,0 a 5 personas,MELCHOR OCAMPO,24155.0,CAMPECHE,Carmen,Ciudad del Carmen
9035706,04002621391000151000000000U5,CONSULTOTIO 3,Consultorios de medicina general del sector privado,0 a 5 personas,FRANCISCO I. MADERO,24050.0,CAMPECHE,Campeche,San Francisco de Campeche
6424776,04002621113000651000000000U2,CONSULYTORIO DE ORRINOLARINGOLOGIA,Consultorios de medicina especializada del sector privado,0 a 5 personas,LICENCIADO LUIS DONALDO COLOSIO MURRIETA,24040.0,CAMPECHE,Campeche,San Francisco de Campeche
9286931,04003621113000741000000000U9,CONTROL Y MEDICION DE HIDROCARBUROS METROLOGIA MEXICANA,Consultorios de medicina especializada del sector privado,0 a 5 personas,AVIACION,24179.0,CAMPECHE,Carmen,Ciudad del Carmen
210637,04002621111000721010000000U7,COSULTORIO MEDICO EN GASTOENTEROLOGIA Y ENDOSCOPIA,Consultorios de medicina especializada del sector privado,0 a 5 personas,PATRICIO TRUEBA DE REGIL,24090.0,CAMPECHE,Campeche,San Francisco de Campeche
198996,04004621111000151000000000U3,COSULTORIO MEDICO SIN NOMBRE,Consultorios de medicina general del sector privado,0 a 5 personas,NINGUNO,24400.0,CAMPECHE,ChampotÃ³n,ChampotÃ³n
200331,04009621910000013001000000S9,CRUZ ROJA MEXICANA INSTITUTO DE ASISTENCIA PRIVADA,Clínicas de consultorios médicos del sector privado,11 a 30 personas,JUSTO SIERRA MENDEZ,24350.0,CAMPECHE,EscÃ¡rcega,EscÃ¡rcega
191829,04001611699000053000000000U3,DIRECCIÃN DE ÃREA DE SALUD DE CALKINI,Clínicas de consultorios médicos del sector público,11 a 30 personas,15,24900.0,CAMPECHE,CalkinÃ­,CalkinÃ­
7321951,04002621111001151000000000U6,DISPENSARIO MEDICO DE LA PARROQUIA,Consultorios de medicina general del sector privado,0 a 5 personas,22,24500.0,CAMPECHE,Campeche,Lerma
209122,04002621111000772000000000U0,DISPENSARIO OASIS UNA LUZ DE ESPERANZA,Consultorios de medicina general del sector privado,6 a 10 personas,RETORNO DE LA 108,24040.0,CAMPECHE,Campeche,San Francisco de Campeche
9291234,04003621113000731000000000U0,DOCTORA ARCADIA,Consultorios de medicina especializada del sector privado,0 a 5 personas,57,24115.0,CAMPECHE,Carmen,Ciudad del Carmen
210641,04002621113001811000000000U1,DR FIDEL CAÃONGO EURAN,Consultorios de medicina especializada del sector privado,0 a 5 personas,PATRICIO TRUEBA DE REGIL,24090.0,CAMPECHE,Campeche,San Francisco de Campeche
8161099,04002621113002701000000000U3,DR JOSE HUCHIN ESTRELLA,Consultorios de medicina especializada del sector privado,0 a 5 personas,NINGUNO,24050.0,CAMPECHE,Campeche,San Francisco de Campeche
7430533,04007621111000021000000000U1,DR NELSON GREGORIO GLORY ESCOFFIE,Consultorios de medicina general del sector privado,0 a 5 personas,BENITO JUAREZ,24200.0,CAMPECHE,Palizada,Palizada
8161097,04002621113002681000000000U7,DR WILBERT DANIEL CACH CAUICH,Consultorios de medicina especializada del sector privado,0 a 5 personas,NINGUNO,24050.0,CAMPECHE,Campeche,San Francisco de Campeche
7321694,04002621113002301000000000U2,DR. ANTONIO GUAGLIONE CABRERA,Consultorios de medicina especializada del sector privado,0 a 5 personas,NINGUNO,24050.0,CAMPECHE,Campeche,San Francisco de Campeche
188887,04002621113001151000000000U2,DR. CARLOS MARIO PECH ESCALANTE,Consultorios de medicina especializada del sector privado,0 a 5 personas,NINGUNO,24050.0,CAMPECHE,Campeche,San Francisco de Campeche
9285749,04002621111001371000000000U0,DR. EDDIE NOJ MORENO,Consultorios de medicina general del sector privado,0 a 5 personas,NINGUNO,24050.0,CAMPECHE,Campeche,San Francisco de Campeche
8767627,04002621113002561000000000U1,DR. GUADALUPE PALOMO ARROYO,Consultorios de medicina especializada del sector privado,0 a 5 personas,NINGUNO,24050.0,CAMPECHE,Campeche,San Francisco de Campeche
205207,04002621113001441000000000U7,DR. LUIS ALBERTO ROMERO MENDOZA,Consultorios de medicina especializada del sector privado,0 a 5 personas,NINGUNO,24050.0,CAMPECHE,Campeche,San Francisco de Campeche
9285750,04002621113002801000000000U1,DR. PAOLA MORALES ESPINOSA,Consultorios de medicina especializada del sector privado,0 a 5 personas,NINGUNO,24050.0,CAMPECHE,Campeche,San Francisco de Campeche
186042,04002621113001031000000000M6,ESPECIALIDADES NEFROLOGICAS DEL SURESTE,Consultorios de medicina especializada del sector privado,0 a 5 personas,NINGUNO,24010.0,CAMPECHE,Campeche,San Francisco de Campeche
210028,04002812410000361010000000S7,ESTACIONAMIENTO DE ESPECIALIDADES MÃDICAS DE CAMPECHE,Consultorios de medicina general del sector privado,0 a 5 personas,HONDURAS,24050.0,CAMPECHE,Campeche,San Francisco de Campeche
210850,04002621113001911000000000U9,EYECARE OFTANMOLOGIA INTEGRAL,Consultorios de medicina especializada del sector privado,0 a 5 personas,LIMONAR,24096.0,CAMPECHE,Campeche,San Francisco de Campeche
8232944,04008621111000031000000000U8,FARMACIA DE LA ECONOMIA,Consultorios de medicina general del sector privado,0 a 5 personas,17,24700.0,CAMPECHE,Tenabo,Tenabo
9253698,04008621111000041000000000U7,FARMACIA Y CONSULTORIO BARAK,Consultorios de medicina general del sector privado,0 a 5 personas,19,24700.0,CAMPECHE,Tenabo,Tenabo
215141,04003621111000491000000000U5,FARMACIA YIRE,Consultorios de medicina general del sector privado,0 a 5 personas,LEO,24327.0,CAMPECHE,Carmen,Isla Aguada
9213168,04002621111001351000000000U2,FUNDACION BEST,Consultorios de medicina general del sector privado,0 a 5 personas,HIDALGO,24070.0,CAMPECHE,Campeche,San Francisco de Campeche
219589,04003621113000521000000000U5,GINECOLOGA,Consultorios de medicina especializada del sector privado,0 a 5 personas,58,24110.0,CAMPECHE,Carmen,Ciudad del Carmen
198458,04004621113000041000000000U2,GINECOLOGIA Y OBSTETRICIA,Consultorios de medicina especializada del sector privado,0 a 5 personas,36,24400.0,CAMPECHE,ChampotÃ³n,ChampotÃ³n
8233811,04002621113002511000000000U6,GINECOLOGIA Y OBSTETRICIA,Consultorios de medicina especializada del sector privado,0 a 5 personas,LICENCIADO LUIS DONALDO COLOSIO MURRIETA,24040.0,CAMPECHE,Campeche,San Francisco de Campeche
8233810,04002621113002501000000000U7,GINECOLOGIA Y OBSTETRICIA,Consultorios de medicina especializada del sector privado,0 a 5 personas,LICENCIADO LUIS DONALDO COLOSIO MURRIETA,24040.0,CAMPECHE,Campeche,San Francisco de Campeche
186382,04002621113001251000000000U0,GINECOLOGIA Y OBSTETRICIA DORIS CAMBRANIS,Consultorios de medicina especializada del sector privado,0 a 5 personas,JUAREZ,24010.0,CAMPECHE,Campeche,San Francisco de Campeche
191355,04001621113000072000000000U3,GRUPO MEDICO CALKINI,Consultorios de medicina especializada del sector privado,0 a 5 personas,7,24902.0,CAMPECHE,CalkinÃ­,CalkinÃ­
191358,04001621113000011000000000U1,"GRUPO MEDICO DE CALKINI,PEDIATRÃA",Consultorios de medicina especializada del sector privado,0 a 5 personas,7,24902.0,CAMPECHE,CalkinÃ­,CalkinÃ­
8232697,04002813130000131000000000U7,GRUPO MEDICO MILLENNIUM ADMINISTRACION,Clínicas de consultorios médicos del sector privado,0 a 5 personas,JOSE LOPEZ PORTILLO,24094.0,CAMPECHE,Campeche,San Francisco de Campeche
8232747,04002621113002381000000000U4,GRUPO MEDICO MILLENNIUM CONSULTORIO CLINICA DEL DOLOR Y CUIDADOS PALIATIVOS,Consultorios de medicina especializada del sector privado,0 a 5 personas,JOSE LOPEZ PORTILLO,24094.0,CAMPECHE,Campeche,San Francisco de Campeche
8698444,04002621113002571000000000U0,GRUPO MEDICO MILLENNIUM CONSULTORIO DE GINECO OBSTETRICIA,Consultorios de medicina especializada del sector privado,0 a 5 personas,JOSE LOPEZ PORTILLO,24094.0,CAMPECHE,Campeche,San Francisco de Campeche
8232701,04002621113002371000000000U5,GRUPO MEDICO MILLENNIUM CONSULTORIO DE MEDICINA INTERNA,Consultorios de medicina especializada del sector privado,0 a 5 personas,JOSE LOPEZ PORTILLO,24094.0,CAMPECHE,Campeche,San Francisco de Campeche
8232700,04002621113002361000000000U6,GRUPO MEDICO MILLENNIUM CONSULTORIO DE NEUMOLOGIA,Consultorios de medicina especializada del sector privado,0 a 5 personas,JOSE LOPEZ PORTILLO,24094.0,CAMPECHE,Campeche,San Francisco de Campeche
8232699,04002621113002351000000000U7,GRUPO MEDICO MILLENNIUM CONSULTORIO DE REUMATOLOGIA,Consultorios de medicina especializada del sector privado,0 a 5 personas,JOSE LOPEZ PORTILLO,24094.0,CAMPECHE,Campeche,San Francisco de Campeche
211605,04002621113001952001000000U3,GRUPO OFTALMOLÃGICO DE CAMPECHE,Consultorios de medicina especializada del sector privado,0 a 5 personas,LICENCIADO LUIS DONALDO COLOSIO MURRIETA,24090.0,CAMPECHE,Campeche,San Francisco de Campeche
8233213,04001621112000063000000000U4,INSTITUTO DE SEGURIDAD Y SERVICIOS SOCIALES DE LOS TRABAJADORES DEL ESTADO. UNIDAD DE MEDICINA FAMILIAR CALKINI,Consultorios de medicina general del sector público,11 a 30 personas,VIOLETA,24900.0,CAMPECHE,CalkinÃ­,CalkinÃ­
194968,04006622112000011011000000U1,INSTITUTO DE SERVICIOS SOCIALES AL SERVICIO DE LOS TRABAJADORES DEL ESTADO,Clínicas de consultorios médicos del sector público,11 a 30 personas,PRINCIPAL,24600.0,CAMPECHE,HopelchÃ©n,HopelchÃ©n
220734,04003621116000016001000000U9,INSTITUTO MEXICANO DEL SEGURO SOCIAL,Clínicas de consultorios médicos del sector público,31 a 50 personas,SANTA ISABEL,24157.0,CAMPECHE,Carmen,Ciudad del Carmen
185595,04002622112000075000000000U5,INSTITUTO MEXICANO DEL SEGURO SOCIAL 11,Clínicas de consultorios médicos del sector público,51 a 100 personas,MARIA LAVALLE URBINA,24014.0,CAMPECHE,Campeche,San Francisco de Campeche
198324,04004622112000055000000000U3,INSTITUTO MEXICANO DEL SEGURO SOCIAL UNIDAD DE MEDICINA FAMILIAR #2,Clínicas de consultorios médicos del sector público,51 a 100 personas,REVOLUCION,24400.0,CAMPECHE,ChampotÃ³n,ChampotÃ³n
8233593,04003621116000034000000000U2,JURISDICCION SANITARIA NUM 3,Clínicas de consultorios médicos del sector público,31 a 50 personas,CALLE 56,24180.0,CAMPECHE,Carmen,Ciudad del Carmen
7286457,04005621111000101000000000U5,LABORATORIO Y CONSULTORIO MEDICO SIN NOMBRE,Consultorios de medicina general del sector privado,0 a 5 personas,12,24810.0,CAMPECHE,HecelchakÃ¡n,Pomuch
209075,04002621111000671000000000U4,MEDICINA ANTIENVEJECIMIENTO Y ESTETICA REGENERATIVA SIN NOMBRE,Consultorios de medicina general del sector privado,0 a 5 personas,ALVARO OBREGON,24020.0,CAMPECHE,Campeche,San Francisco de Campeche
189475,04003621111000191000000000U1,MEDICINA FAMILIAR,Consultorios de medicina general del sector privado,0 a 5 personas,55,24117.0,CAMPECHE,Carmen,Ciudad del Carmen
210523,04002621113002111000000000U5,MEDICINA INTERNA,Consultorios de medicina especializada del sector privado,0 a 5 personas,LICENCIADO LUIS DONALDO COLOSIO MURRIETA,24040.0,CAMPECHE,Campeche,San Francisco de Campeche
196402,04002621113000821000000000U1,MEDICINA INTERNA,Consultorios de medicina especializada del sector privado,0 a 5 personas,LICENCIADO LUIS DONALDO COLOSIO MURRIETA,24040.0,CAMPECHE,Campeche,San Francisco de Campeche
8219270,04002621111001161000000000U5,MEDICINA INTERNA,Consultorios de medicina general del sector privado,0 a 5 personas,LICENCIADO LUIS DONALDO COLOSIO MURRIETA,24040.0,CAMPECHE,Campeche,San Francisco de Campeche
6718628,04003621112000052000000000U3,MEDICINA PREVENTIVA Y SALUD LABORAL,Consultorios de medicina general del sector público,6 a 10 personas,PAEZ URQUIDI,24110.0,CAMPECHE,Carmen,Ciudad del Carmen
190222,04003621111000341000000000U2,MEDICO CIRUJANO PEDIATRA,Consultorios de medicina general del sector privado,0 a 5 personas,JUAREZ,24160.0,CAMPECHE,Carmen,Ciudad del Carmen
210549,04002621111000621000000000U9,MEDICO GENERAL,Consultorios de medicina general del sector privado,0 a 5 personas,GALEANA,24049.0,CAMPECHE,Campeche,San Francisco de Campeche
7285658,04005621111000081000000000U9,MEDICO GENERAL ANA ESMERALDA MARTINEZ EUAN,Consultorios de medicina general del sector privado,0 a 5 personas,18,24800.0,CAMPECHE,HecelchakÃ¡n,HecelchakÃ¡n
219649,04003621113000491000000000U1,MEDICO INTERNISTA,Consultorios de medicina especializada del sector privado,0 a 5 personas,58,24110.0,CAMPECHE,Carmen,Ciudad del Carmen
7286791,04002621115000011000000000U4,MEDINOFT,Clínicas de consultorios médicos del sector privado,0 a 5 personas,MARIA LAVALLE URBINA,24014.0,CAMPECHE,Campeche,San Francisco de Campeche
8161163,04003621112000072000000000U1,MODULO DE BIENESTAR DE BELISARIO,Consultorios de medicina general del sector público,6 a 10 personas,CANDELARIA,24150.0,CAMPECHE,Carmen,Ciudad del Carmen
8223976,04003621112000061000000000U4,MODULO DE BIENESTAR ISLA AGUADA,Consultorios de medicina general del sector público,0 a 5 personas,REVOLUCION,24327.0,CAMPECHE,Carmen,Isla Aguada
189918,04003622112000021010000000U7,MODULO DE BIENESTAR SOCIAL,Consultorios de medicina general del sector público,0 a 5 personas,57,24115.0,CAMPECHE,Carmen,Ciudad del Carmen
190710,04003621112000011000000000U9,MODULO DE BIENESTAR SOCIAL,Consultorios de medicina general del sector público,0 a 5 personas,17,24130.0,CAMPECHE,Carmen,Ciudad del Carmen
9180036,04003621112000112000000000U5,MODULO DE BIENESTAR SOCIAL UNIDAD PERIFERICA,Consultorios de medicina general del sector público,6 a 10 personas,SATELITE,24180.0,CAMPECHE,Carmen,Ciudad del Carmen
7091236,04001621112000051000000000U9,MODULO REGIMEN ORDINARIO DEL IMSS,Consultorios de medicina general del sector público,0 a 5 personas,15,24904.0,CAMPECHE,CalkinÃ­,CalkinÃ­
210520,04002621113001941000000000U6,NEOMOLOGIA PEDIATRICA,Consultorios de medicina especializada del sector privado,0 a 5 personas,LICENCIADO LUIS DONALDO COLOSIO MURRIETA,24040.0,CAMPECHE,Campeche,San Francisco de Campeche
7321121,04002621115000041000000000U1,NEUMOLOGIA CLINICA CENTRO MEDICO CAMPECHE,Clínicas de consultorios médicos del sector privado,0 a 5 personas,LICENCIADO LUIS DONALDO COLOSIO MURRIETA,24040.0,CAMPECHE,Campeche,San Francisco de Campeche
211602,04002621113001731000000000U1,NEUMÃLOGO,Consultorios de medicina especializada del sector privado,0 a 5 personas,LICENCIADO LUIS DONALDO COLOSIO MURRIETA,24090.0,CAMPECHE,Campeche,San Francisco de Campeche
196409,04002621113000231000000000U3,NEUROCIRUGIA,Consultorios de medicina especializada del sector privado,0 a 5 personas,LICENCIADO LUIS DONALDO COLOSIO MURRIETA,24040.0,CAMPECHE,Campeche,San Francisco de Campeche
208688,04002621113001871000000000U5,OFTALMO LASER CENTER,Consultorios de medicina especializada del sector privado,0 a 5 personas,RICARDO CASTILLO OLIVER,24014.0,CAMPECHE,Campeche,San Francisco de Campeche
7216830,04002621113002191000000000U7,OFTALMOLOGIA,Consultorios de medicina especializada del sector privado,0 a 5 personas,JUAREZ,24010.0,CAMPECHE,Campeche,San Francisco de Campeche
191898,04001621113000021000000000U0,OTORRINOLARINGOLOGA DRA LUISA DEL CARMEN MEDINA CARRIL,Consultorios de medicina especializada del sector privado,0 a 5 personas,23,24900.0,CAMPECHE,CalkinÃ­,CalkinÃ­
190218,04003622311000021000000000U5,PEDIATRA DE LA TORRE MÃDICA,Consultorios de medicina especializada del sector privado,0 a 5 personas,JUAREZ,24160.0,CAMPECHE,Carmen,Ciudad del Carmen
188621,04002621113000411000000000U1,PEDIATRÃA Y NEONATOLOGÃA DRA. MARTHA EUGENIA ALPUCHE,Consultorios de medicina especializada del sector privado,0 a 5 personas,ADOLFO LOPEZ MATEOS,24040.0,CAMPECHE,Campeche,San Francisco de Campeche
8233806,04002621114000041000000000U4,SERVICIO MEDICO SUBROGADO CAMPECHE DE PEMEX,Consultorios de medicina especializada del sector público,0 a 5 personas,LICENCIADO LUIS DONALDO COLOSIO MURRIETA,24040.0,CAMPECHE,Campeche,San Francisco de Campeche
7217171,04002621111001011000000000U2,SERVICIOS MEDICOS INTEGRALES,Consultorios de medicina general del sector privado,0 a 5 personas,AZUCENAS,24096.0,CAMPECHE,Campeche,San Francisco de Campeche
7285709,04002621111000931000000000U2,SERVICIOS MEDICOS SIN NOMBRE,Consultorios de medicina general del sector privado,0 a 5 personas,LOS PORTALES,24085.0,CAMPECHE,Campeche,San Francisco de Campeche
7429931,04003621111000831000000000S2,SIMILAR CONSULTORIO DEL CHCECHEN MERCADO,Consultorios de medicina general del sector privado,0 a 5 personas,PUERTO CIUDAD DEL CARMEN,24150.0,CAMPECHE,Carmen,Ciudad del Carmen
7321327,04002621113002263000000000U4,SOCIEDAD MEDICA HOSPITAL VOSSAN,Consultorios de medicina especializada del sector privado,11 a 30 personas,NINGUNO,24500.0,CAMPECHE,Campeche,Lerma
8160542,04002621113002641000000000S1,SOLUCIONES EN ORTOPEDIA,Consultorios de medicina especializada del sector privado,0 a 5 personas,MAESTROS CAMPECHANOS,24094.0,CAMPECHE,Campeche,San Francisco de Campeche
190225,04003621113000031000000000U5,TORRE MEDICA CONSULTORIO DE GINECOLOGIA ONCOLOGIA,Consultorios de medicina especializada del sector privado,0 a 5 personas,JUAREZ,24160.0,CAMPECHE,Carmen,Ciudad del Carmen
190255,04003621111000521000000000U9,"TORRE MEDICA, CIRUJIA GENERAL Y ENF. DIGESTIVAS",Consultorios de medicina general del sector privado,0 a 5 personas,JUAREZ,24160.0,CAMPECHE,Carmen,Ciudad del Carmen
190253,04003621113000271000000000U7,"TORRE MEDICA, CONSULTORIO OFTALMOLOGO",Consultorios de medicina especializada del sector privado,0 a 5 personas,JUAREZ,24160.0,CAMPECHE,Carmen,Ciudad del Carmen
190220,04003621113000221000000000U2,"TORRE MEDICA, CONSULTORIO OTORRINOLARINGÃLOGO",Consultorios de medicina especializada del sector privado,0 a 5 personas,JUAREZ,24160.0,CAMPECHE,Carmen,Ciudad del Carmen
190226,04003813230000011000000000U7,TORRE MEDICACONSULTORIO DE ORTOPEDIA Y TRAUMATOLOGÃA,Consultorios de medicina especializada del sector privado,0 a 5 personas,JUAREZ,24160.0,CAMPECHE,Carmen,Ciudad del Carmen
196414,04002622311000011000000000U8,TRAMAUTOLOGIA Y ORTOPEDIA,Consultorios de medicina general del sector privado,0 a 5 personas,LICENCIADO LUIS DONALDO COLOSIO MURRIETA,24040.0,CAMPECHE,Campeche,San Francisco de Campeche
188275,04002621113000981000000000U3,TRAUMATOLOGIA Y ORTOPEDIA,Consultorios de medicina especializada del sector privado,0 a 5 personas,12,24000.0,CAMPECHE,Campeche,San Francisco de Campeche
8767174,04002621113002551000000000U2,UCPER,Consultorios de medicina especializada del sector privado,0 a 5 personas,VENUS,24090.0,CAMPECHE,Campeche,San Francisco de Campeche
8721818,04011621112000051000000000U8,UMU CANDELARIA UNIDAD MEDICA URBANA,Consultorios de medicina general del sector público,0 a 5 personas,18,24330.0,CAMPECHE,Candelaria,Candelaria
190317,04003622312000012011000000U2,UNEME DE ENFERMEDADES CRONICAS,Clínicas de consultorios médicos del sector público,0 a 5 personas,NINGUNO,24180.0,CAMPECHE,Carmen,Ciudad del Carmen
194657,04002621114000023000000000U2,UNEME ENFERMEDADES CRONICAS,Consultorios de medicina general del sector público,11 a 30 personas,TOPACIO,24023.0,CAMPECHE,Campeche,San Francisco de Campeche
207374,04002622112000171010000000U2,UNIDAD BASICA DE REHABILITACION,Consultorios de medicina general del sector público,0 a 5 personas,TURMALINA,24026.0,CAMPECHE,Campeche,San Francisco de Campeche
187573,04002622112000096001000000U1,UNIDAD DE MEDICINA FAMILIAR 13 CD CONCORDIA,Clínicas de consultorios médicos del sector público,51 a 100 personas,CONCORDIA,24085.0,CAMPECHE,Campeche,San Francisco de Campeche
9117798,04005621116000023000000000U0,UNIDAD DE MEDICINA FAMILIAR HECELCHAKAN,Clínicas de consultorios médicos del sector público,11 a 30 personas,29,24800.0,CAMPECHE,HecelchakÃ¡n,HecelchakÃ¡n
200767,04009622112000014000000000U9,UNIDAD DE MEDICINA FAMILIAR NUMERO 5,Clínicas de consultorios médicos del sector público,31 a 50 personas,23,24350.0,CAMPECHE,EscÃ¡rcega,EscÃ¡rcega
7438822,04003621115000022000000000U9,UNIDAD DE RADIODIAGNOSTICO MEDICO,Clínicas de consultorios médicos del sector privado,6 a 10 personas,JUAREZ,24160.0,CAMPECHE,Carmen,Ciudad del Carmen
8850706,04002621113002531000000000U4,UNIDAD MATERNO FETAL INFECTO PEDIATRICO UMAFEIP,Consultorios de medicina especializada del sector privado,0 a 5 personas,PEDRO MORENO,24049.0,CAMPECHE,Campeche,San Francisco de Campeche
209559,04002621113001691000000000U7,UNIDAD MÃDICA,Consultorios de medicina especializada del sector privado,0 a 5 personas,16,24010.0,CAMPECHE,Campeche,San Francisco de Campeche
205909,04001621111000141000000000U0,UNIDAD MÃDICA CALKINI,Consultorios de medicina general del sector privado,0 a 5 personas,18,24900.0,CAMPECHE,CalkinÃ­,CalkinÃ­
210418,04002621113002051000000000U3,UNIDAD MEDICA RENAL,Consultorios de medicina especializada del sector privado,0 a 5 personas,LAZARO CARDENAS,24069.0,CAMPECHE,Campeche,San Francisco de Campeche
197240,04002621113001701000000000U4,UNIDAD MEDICA RENAL,Consultorios de medicina especializada del sector privado,0 a 5 personas,LAZARO CARDENAS,24069.0,CAMPECHE,Campeche,San Francisco de Campeche
196078,04002622112000011011000000U0,UNIDAD MEDICA RURAL CHINA,Clínicas de consultorios médicos del sector público,6 a 10 personas,15,24520.0,CAMPECHE,Campeche,ChinÃ¡
8434014,04003621111000601000000000U9,UNIDAD MEDICA SALVADOR,Consultorios de medicina general del sector privado,0 a 5 personas,SANTA LUCIA,24135.0,CAMPECHE,Carmen,San Antonio CÃ¡rdenas
8232472,04002621111001181000000000U3,UNIDAD MEDICA SANTA MONICA CONSULTORIO DE MEDICINA GENERAL,Consultorios de medicina general del sector privado,0 a 5 personas,LAZARO CARDENAS,24090.0,CAMPECHE,Campeche,San Francisco de Campeche
196869,04002621113000211000000000U5,UNIDAD MEDICA SANTA MONICA CONSULTORIO DE PEDIATRIA,Consultorios de medicina especializada del sector privado,0 a 5 personas,LAZARO CARDENAS,24090.0,CAMPECHE,Campeche,San Francisco de Campeche
8232473,04002621113002341000000000U8,UNIDAD MEDICA SANTA MONICA CONSULTORIO DE TRAUMATOLOGIA,Consultorios de medicina especializada del sector privado,0 a 5 personas,LAZARO CARDENAS,24090.0,CAMPECHE,Campeche,San Francisco de Campeche
8233307,04002621113002411000000000U9,UNIDAD MEDICA SANTA MONICA CONSULTORIO DE TRAUMATOLOGIA,Consultorios de medicina especializada del sector privado,0 a 5 personas,LAZARO CARDENAS,24090.0,CAMPECHE,Campeche,San Francisco de Campeche
202614,04003621113000101000000000U6,UNIDAD MEDICA TRAUMATOLOGICA,Consultorios de medicina especializada del sector privado,0 a 5 personas,26,24100.0,CAMPECHE,Carmen,Ciudad del Carmen
9110575,04003621112000081000000000U2,UNIDAD MEDICA URBANA DEL IMSS,Consultorios de medicina general del sector público,0 a 5 personas,PAEZ URQUIDI,24120.0,CAMPECHE,Carmen,Ciudad del Carmen
7091235,04001621112000041000000000U0,UNIDAD MEDICA URBANA IMSS PROSPERA,Consultorios de medicina general del sector público,0 a 5 personas,15,24904.0,CAMPECHE,CalkinÃ­,CalkinÃ­
219655,04003621113000591000000000U8,VIA MEDICA,Consultorios de medicina especializada del sector privado,0 a 5 personas,58,24110.0,CAMPECHE,Carmen,Ciudad del Carmen
219652,04003622311000043000000000U9,VIA MEDICA,Consultorios de medicina especializada del sector privado,0 a 5 personas,58,24110.0,CAMPECHE,Carmen,Ciudad del Carmen
219613,04003621113000461000000000U4,VIA MEDICA,Consultorios de medicina especializada del sector privado,0 a 5 personas,58,24110.0,CAMPECHE,Carmen,Ciudad del Carmen
